-- MySQL dump 10.13  Distrib 8.0.34, for Win64 (x86_64)
--
-- Host: j9e106.p.ssafy.io    Database: finball
-- ------------------------------------------------------
-- Server version	8.1.0

/*!40101 SET @OLD_CHARACTER_SET_CLIENT=@@CHARACTER_SET_CLIENT */;
/*!40101 SET @OLD_CHARACTER_SET_RESULTS=@@CHARACTER_SET_RESULTS */;
/*!40101 SET @OLD_COLLATION_CONNECTION=@@COLLATION_CONNECTION */;
/*!50503 SET NAMES utf8mb4 */;
/*!40103 SET @OLD_TIME_ZONE=@@TIME_ZONE */;
/*!40103 SET TIME_ZONE='+00:00' */;
/*!40014 SET @OLD_UNIQUE_CHECKS=@@UNIQUE_CHECKS, UNIQUE_CHECKS=0 */;
/*!40014 SET @OLD_FOREIGN_KEY_CHECKS=@@FOREIGN_KEY_CHECKS, FOREIGN_KEY_CHECKS=0 */;
/*!40101 SET @OLD_SQL_MODE=@@SQL_MODE, SQL_MODE='NO_AUTO_VALUE_ON_ZERO' */;
/*!40111 SET @OLD_SQL_NOTES=@@SQL_NOTES, SQL_NOTES=0 */;

--
-- Table structure for table `account`
--

DROP TABLE IF EXISTS `account`;
/*!40101 SET @saved_cs_client     = @@character_set_client */;
/*!50503 SET character_set_client = utf8mb4 */;
CREATE TABLE `account` (
  `account_no` varchar(255) NOT NULL,
  `closed_at` datetime(6) DEFAULT NULL,
  `cp_code` bigint DEFAULT NULL,
  `cp_logo` varchar(255) DEFAULT NULL,
  `cp_name` varchar(255) DEFAULT NULL,
  `created_at` datetime(6) DEFAULT NULL,
  `name` varchar(255) DEFAULT NULL,
  `origin_no` varchar(255) DEFAULT NULL,
  `member_id` bigint DEFAULT NULL,
  PRIMARY KEY (`account_no`),
  KEY `FK6aoqsxt9hh32wbnn0t4rbmy98` (`member_id`),
  CONSTRAINT `FK6aoqsxt9hh32wbnn0t4rbmy98` FOREIGN KEY (`member_id`) REFERENCES `member` (`id`)
) ENGINE=InnoDB DEFAULT CHARSET=utf8mb4 COLLATE=utf8mb4_0900_ai_ci;
/*!40101 SET character_set_client = @saved_cs_client */;

--
-- Dumping data for table `account`
--

LOCK TABLES `account` WRITE;
/*!40000 ALTER TABLE `account` DISABLE KEYS */;
INSERT INTO `account` VALUES ('0584-92-9502797-9',NULL,3,'https://tunkcalb.s3.ap-northeast-2.amazonaws.com/images/%EA%B5%AD%EB%AF%BC.png','국민','2023-10-01 05:25:56.690000','KB마이핏통장',NULL,20),('150-91452389-8',NULL,12,'https://tunkcalb.s3.ap-northeast-2.amazonaws.com/images/%ED%86%A0%EC%8A%A4.png','토스뱅크','2023-10-01 06:56:19.116000','토스뱅크 통장',NULL,6),('3004-137-620134',NULL,7,'https://tunkcalb.s3.ap-northeast-2.amazonaws.com/images/%EC%9A%B0%EB%A6%AC.png','우리','2023-09-26 15:02:44.839000','첫급여 우리통장',NULL,2),('3333-18-0001645',NULL,10,'https://tunkcalb.s3.ap-northeast-2.amazonaws.com/images/%EC%B9%B4%EC%B9%B4%EC%98%A4%EB%B1%85%ED%81%AC.png','카카오뱅크','2023-10-01 05:25:56.708000','입출금통장',NULL,20),('3335-61-7890128',NULL,10,'https://tunkcalb.s3.ap-northeast-2.amazonaws.com/images/%EC%B9%B4%EC%B9%B4%EC%98%A4%EB%B1%85%ED%81%AC.png','카카오뱅크','2023-09-30 06:12:30.070000','기록통장',NULL,3),('395-05-03412-1',NULL,5,'https://tunkcalb.s3.ap-northeast-2.amazonaws.com/images/%EB%86%8D%ED%98%91.png','농협','2023-09-26 15:02:44.858000','NH올원e예금',NULL,2),('539-05571-24-9-69',NULL,9,'https://tunkcalb.s3.ap-northeast-2.amazonaws.com/images/%EC%94%A8%ED%8B%B0%EC%9D%80%ED%96%89.png','한국씨티','2023-10-01 05:25:56.718000','모을수록 오르는 Max통장',NULL,20),('590-06-09925-2',NULL,5,'https://tunkcalb.s3.ap-northeast-2.amazonaws.com/images/%EB%86%8D%ED%98%91.png','농협','2023-09-25 13:56:39.415000','NH올원e예금',NULL,1),('600-10-200749',NULL,20,'https://tunkcalb.s3.ap-northeast-2.amazonaws.com/images/SC%EC%A0%9C%EC%9D%BC.png','SC제일','2023-09-25 13:56:39.425000','SC제일 마이시그니처통장',NULL,1),('600-847430-389',NULL,8,'https://tunkcalb.s3.ap-northeast-2.amazonaws.com/images/%ED%95%98%EB%82%98.png','하나','2023-10-01 06:56:19.130000','급여하나 통장',NULL,6),('690-13-707135-3',NULL,4,'https://tunkcalb.s3.ap-northeast-2.amazonaws.com/images/%EA%B8%B0%EC%97%85.png','기업','2023-09-25 13:56:39.437000','i-ONE U 통장',NULL,1),('6963-92-8506781-7',NULL,3,'https://tunkcalb.s3.ap-northeast-2.amazonaws.com/images/%EA%B5%AD%EB%AF%BC.png','국민','2023-09-30 06:12:30.081000','직장인우대통장',NULL,3),('747-13-319691-0',NULL,4,'https://tunkcalb.s3.ap-northeast-2.amazonaws.com/images/%EA%B8%B0%EC%97%85.png','기업','2023-09-30 06:12:30.090000','IBK 도토리통장',NULL,3),('863-01-437279-3',NULL,16,'https://tunkcalb.s3.ap-northeast-2.amazonaws.com/images/%EB%B6%80%EC%82%B0%EC%9D%80%ED%96%89.png','부산','2023-10-01 06:53:00.637000','BNK행복지킴이통장',NULL,2),('951-06-277437-0',NULL,4,'https://tunkcalb.s3.ap-northeast-2.amazonaws.com/images/%EA%B8%B0%EC%97%85.png','기업','2023-09-27 04:39:28.183000','IBK 늘푸른하늘통장',NULL,6);
/*!40000 ALTER TABLE `account` ENABLE KEYS */;
UNLOCK TABLES;

--
-- Table structure for table `account_book`
--

DROP TABLE IF EXISTS `account_book`;
/*!40101 SET @saved_cs_client     = @@character_set_client */;
/*!50503 SET character_set_client = utf8mb4 */;
CREATE TABLE `account_book` (
  `id` bigint NOT NULL AUTO_INCREMENT,
  `update_dt` datetime(6) DEFAULT NULL,
  `value` bigint DEFAULT NULL,
  `fin_ball_account_account_no` varchar(255) DEFAULT NULL,
  PRIMARY KEY (`id`),
  KEY `FKm7cvqvk1p3282iril1oq90157` (`fin_ball_account_account_no`),
  CONSTRAINT `FKm7cvqvk1p3282iril1oq90157` FOREIGN KEY (`fin_ball_account_account_no`) REFERENCES `fin_ball_account` (`account_no`)
) ENGINE=InnoDB DEFAULT CHARSET=utf8mb4 COLLATE=utf8mb4_0900_ai_ci;
/*!40101 SET character_set_client = @saved_cs_client */;

--
-- Dumping data for table `account_book`
--

LOCK TABLES `account_book` WRITE;
/*!40000 ALTER TABLE `account_book` DISABLE KEYS */;
/*!40000 ALTER TABLE `account_book` ENABLE KEYS */;
UNLOCK TABLES;

--
-- Table structure for table `card`
--

DROP TABLE IF EXISTS `card`;
/*!40101 SET @saved_cs_client     = @@character_set_client */;
/*!50503 SET character_set_client = utf8mb4 */;
CREATE TABLE `card` (
  `number` varchar(255) NOT NULL,
  `cp_code` bigint DEFAULT NULL,
  `cp_logo` varchar(255) DEFAULT NULL,
  `cp_name` varchar(255) DEFAULT NULL,
  `image` varchar(255) DEFAULT NULL,
  `name` varchar(255) DEFAULT NULL,
  `member_id` bigint DEFAULT NULL,
  PRIMARY KEY (`number`),
  KEY `FKgy72yyc2g3iu72gg37b1vimo` (`member_id`),
  CONSTRAINT `FKgy72yyc2g3iu72gg37b1vimo` FOREIGN KEY (`member_id`) REFERENCES `member` (`id`)
) ENGINE=InnoDB DEFAULT CHARSET=utf8mb4 COLLATE=utf8mb4_0900_ai_ci;
/*!40101 SET character_set_client = @saved_cs_client */;

--
-- Dumping data for table `card`
--

LOCK TABLES `card` WRITE;
/*!40000 ALTER TABLE `card` DISABLE KEYS */;
INSERT INTO `card` VALUES ('3702-990428-38098',NULL,NULL,'현대카드','https://s3-hotsix.s3.ap-northeast-2.amazonaws.com/images/%ED%98%84%EB%8C%80%EC%A0%9C%EB%A1%9C2-%EB%B0%B0%EA%B2%BD.png','현대카드ZERO Edition2',4),('3762-774399-82218',23,'https://s3-hotsix.s3.ap-northeast-2.amazonaws.com/images/%EB%A1%AF%EB%8D%B0.png','롯데카드','https://s3-hotsix.s3.ap-northeast-2.amazonaws.com/images/likit12.png','LOCA LIKIT 1.2',20),('4021-7586-1023-5755',29,'https://s3-hotsix.s3.ap-northeast-2.amazonaws.com/images/%ED%95%98%EB%82%98.png','하나카드','https://api.card-gorilla.com:8080/storage/card/2446/card_img/27741/2446card.png','원더카드 FREE',20),('4045-7703-0002-2532',26,'https://s3-hotsix.s3.ap-northeast-2.amazonaws.com/images/%ED%98%84%EB%8C%80.png','현대카드','https://s3-hotsix.s3.ap-northeast-2.amazonaws.com/images/%EB%84%A4%EC%9D%B4%EB%B2%84%ED%98%84%EB%8C%80-%EB%B0%B0%EA%B2%BD.png','네이버 현대카드',6),('4553-2004-3695-5520',27,'https://s3-hotsix.s3.ap-northeast-2.amazonaws.com/images/%EB%B9%84%EC%94%A8.png','BC카드','https://s3-hotsix.s3.ap-northeast-2.amazonaws.com/images2/K-FIRST.png','K-FIRST',1),('4553-2012-6361-2653',27,'https://s3-hotsix.s3.ap-northeast-2.amazonaws.com/images/%EB%B9%84%EC%94%A8.png','BC카드','https://s3-hotsix.s3.ap-northeast-2.amazonaws.com/images2/K-FIRST.png','K-FIRST',2),('4617-7134-5690-0980',29,'https://s3-hotsix.s3.ap-northeast-2.amazonaws.com/images/%ED%95%98%EB%82%98.png','하나카드','https://s3-hotsix.s3.ap-northeast-2.amazonaws.com/images2/1Q+Daily%2B.png','1Q Daily+',2),('4617-7171-2085-2946',29,'https://s3-hotsix.s3.ap-northeast-2.amazonaws.com/images/%ED%95%98%EB%82%98.png','하나카드','https://api.card-gorilla.com:8080/storage/card/238/card_img/20465/238card.png','1Q Daily+',3),('4730-5957-6837-1737',28,'https://s3-hotsix.s3.ap-northeast-2.amazonaws.com/images/%EB%86%8D%ED%98%91.png','NH카드','https://s3-hotsix.s3.ap-northeast-2.amazonaws.com/images2/%EC%9C%84%EC%B9%B4%EB%93%9C.png','위카드',1),('4788-9231-0597-5277',25,'https://s3-hotsix.s3.ap-northeast-2.amazonaws.com/images/%EC%8B%A0%ED%95%9C.png','신한카드','https://api.card-gorilla.com:8080/storage/card/40/card_img/20121/40card.png','신한카드 Deep Dream Platinum+',3),('5342-9217-1717-7954',23,'https://s3-hotsix.s3.ap-northeast-2.amazonaws.com/images/%EB%A1%AF%EB%8D%B0.png','롯데카드','https://s3-hotsix.s3.ap-northeast-2.amazonaws.com/images2/%EB%A1%AF%EB%8D%B0+%EA%B5%AD%EB%AF%BC%ED%96%89%EB%B3%B5%EC%B9%B4%EB%93%9C.png','롯데 국민행복카드',1),('5342-9298-8204-3777',23,'https://s3-hotsix.s3.ap-northeast-2.amazonaws.com/images/%EB%A1%AF%EB%8D%B0.png','롯데카드','https://api.card-gorilla.com:8080/storage/card/455/card_img/20971/455card.png','롯데 국민행복카드',6),('5361-4875-8533-7432',22,'https://s3-hotsix.s3.ap-northeast-2.amazonaws.com/images/%EC%82%BC%EC%84%B1.png','삼성카드','https://api.card-gorilla.com:8080/storage/card/51/card_img/27707/51card.png','삼성카드 taptap O',2),('5361-4878-2612-7705',22,'https://s3-hotsix.s3.ap-northeast-2.amazonaws.com/images/%EC%82%BC%EC%84%B1.png','삼성카드','https://api.card-gorilla.com:8080/storage/card/51/card_img/27707/51card.png','삼성카드 taptap O',6),('5366-4818-5606-4560',22,'https://s3-hotsix.s3.ap-northeast-2.amazonaws.com/images/%EC%82%BC%EC%84%B1.png','삼성카드','https://api.card-gorilla.com:8080/storage/card/657/card_img/27715/657card.png','taptap DIGITAL',6),('5377-2094-8290-1568',27,'https://s3-hotsix.s3.ap-northeast-2.amazonaws.com/images/%EB%B9%84%EC%94%A8.png','BC카드','https://api.card-gorilla.com:8080/storage/card/2350/card_img/24714/2350card.png','부자되세요 덤카드',3),('5409-2619-5608-7187',21,'https://s3-hotsix.s3.ap-northeast-2.amazonaws.com/images/%EA%B5%AD%EB%AF%BC.png','KB카드','https://api.card-gorilla.com:8080/storage/card/118/card_img/24264/118card.png','FINETECH카드',6),('5461-1224-7869-6254',28,'https://s3-hotsix.s3.ap-northeast-2.amazonaws.com/images/%EB%86%8D%ED%98%91.png','NH카드','https://s3-hotsix.s3.ap-northeast-2.amazonaws.com/images2/NH%EC%98%AC%EC%9B%90%EC%B9%B4%EB%93%9C.png','NH올원카드',2),('5461-1271-7984-1821',28,'https://s3-hotsix.s3.ap-northeast-2.amazonaws.com/images/%EB%86%8D%ED%98%91.png','NH카드','https://api.card-gorilla.com:8080/storage/card/163/card_img/20383/163card.png','#ing+(샵핑플러스)카드',3),('5570-4243-1798-0462',21,'https://s3-hotsix.s3.ap-northeast-2.amazonaws.com/images/%EA%B5%AD%EB%AF%BC.png','KB카드','https://s3-hotsix.s3.ap-northeast-2.amazonaws.com/images2/%EC%B2%AD%EC%B6%98%EB%8C%80%EB%A1%9C.png','청춘대로 톡톡카드',1);
/*!40000 ALTER TABLE `card` ENABLE KEYS */;
UNLOCK TABLES;

--
-- Table structure for table `category`
--

DROP TABLE IF EXISTS `category`;
/*!40101 SET @saved_cs_client     = @@character_set_client */;
/*!50503 SET character_set_client = utf8mb4 */;
CREATE TABLE `category` (
  `id` bigint NOT NULL AUTO_INCREMENT,
  `name` varchar(255) DEFAULT NULL,
  `used_value` bigint DEFAULT NULL,
  `value` bigint DEFAULT NULL,
  `fin_ball_account_account_no` varchar(255) DEFAULT NULL,
  PRIMARY KEY (`id`),
  KEY `FKeqtfualskps481d4dhi7rgb5x` (`fin_ball_account_account_no`),
  CONSTRAINT `FKeqtfualskps481d4dhi7rgb5x` FOREIGN KEY (`fin_ball_account_account_no`) REFERENCES `fin_ball_account` (`account_no`)
) ENGINE=InnoDB AUTO_INCREMENT=95 DEFAULT CHARSET=utf8mb4 COLLATE=utf8mb4_0900_ai_ci;
/*!40101 SET character_set_client = @saved_cs_client */;

--
-- Dumping data for table `category`
--

LOCK TABLES `category` WRITE;
/*!40000 ALTER TABLE `category` DISABLE KEYS */;
INSERT INTO `category` VALUES (9,'식비',0,500000,'29072-869447-298'),(22,'게임',5000,5000,'47677-475525-621'),(23,'식비',0,5000,'47677-475525-621'),(33,'게임',1000,12345,'67709-272678-213'),(43,'qwe',0,123,'32262-925627-151'),(77,'식비',67000,150000,'26874-305565-996'),(78,'게임',67000,200000,'26874-305565-996'),(94,'식비',21111,1234,'49231-264433-763');
/*!40000 ALTER TABLE `category` ENABLE KEYS */;
UNLOCK TABLES;

--
-- Table structure for table `fin_ball_account`
--

DROP TABLE IF EXISTS `fin_ball_account`;
/*!40101 SET @saved_cs_client     = @@character_set_client */;
/*!50503 SET character_set_client = utf8mb4 */;
CREATE TABLE `fin_ball_account` (
  `account_no` varchar(255) NOT NULL,
  `balance` bigint DEFAULT NULL,
  `book_refresh_date` int DEFAULT NULL,
  `closed_at` datetime(6) DEFAULT NULL,
  `created_at` datetime(6) DEFAULT NULL,
  `is_texted` bit(1) DEFAULT b'0',
  `money_source` varchar(255) DEFAULT NULL,
  `origin_no` varchar(255) DEFAULT NULL,
  `refresh_at` datetime(6) DEFAULT NULL,
  `usage` varchar(255) DEFAULT NULL,
  `member_id` bigint DEFAULT NULL,
  PRIMARY KEY (`account_no`),
  KEY `FK9xib0ap0k6ti8yyeu6e1djvgr` (`member_id`),
  CONSTRAINT `FK9xib0ap0k6ti8yyeu6e1djvgr` FOREIGN KEY (`member_id`) REFERENCES `member` (`id`)
) ENGINE=InnoDB DEFAULT CHARSET=utf8mb4 COLLATE=utf8mb4_0900_ai_ci;
/*!40101 SET character_set_client = @saved_cs_client */;

--
-- Dumping data for table `fin_ball_account`
--

LOCK TABLES `fin_ball_account` WRITE;
/*!40000 ALTER TABLE `fin_ball_account` DISABLE KEYS */;
INSERT INTO `fin_ball_account` VALUES ('02811-587248-619',25000,NULL,NULL,'2023-09-25 15:27:08.172000',_binary '\0','월급','02811587248619',NULL,'투자',5),('10409-074156-350',300,NULL,NULL,'2023-09-28 15:32:52.155000',_binary '','월급','10409074156350',NULL,'일상생활비',14),('26874-305565-996',1127940,4,NULL,'2023-09-26 11:26:08.544000',_binary '','월급','26874305565996',NULL,'일상생활비',1),('29072-869447-298',488500,NULL,NULL,'2023-09-29 06:21:33.705000',_binary '\0','월급','29072869447298',NULL,'일상생활비',15),('32262-925627-151',0,3,NULL,'2023-10-02 14:50:52.676000',_binary '','월급','32262925627151',NULL,'비상금',27),('36210-804108-747',5000000,NULL,NULL,'2023-10-01 06:51:00.905000',_binary '\0','월급','36210804108747',NULL,'비상금',26),('47677-475525-621',3415000,1,NULL,'2023-10-01 05:16:09.782000',_binary '\0','월급','47677475525621',NULL,'일상생활비',20),('49231-264433-763',2182778,4,NULL,'2023-09-26 15:01:10.869000',_binary '','자영업수익','49231264433763',NULL,'일상생활비',2),('61923-950543-719',0,NULL,NULL,'2023-09-28 09:17:33.641000',_binary '','투자수익','61923950543719',NULL,'일상생활비',8),('67709-272678-213',200000,1,NULL,'2023-09-26 00:58:36.891000',_binary '\0','기타','67709272678213',NULL,'투자',6),('95904-456091-252',500000,NULL,NULL,'2023-09-26 06:31:54.175000',_binary '','가족지원','95904456091252',NULL,'비상금',3);
/*!40000 ALTER TABLE `fin_ball_account` ENABLE KEYS */;
UNLOCK TABLES;

--
-- Table structure for table `fin_ball_history`
--

DROP TABLE IF EXISTS `fin_ball_history`;
/*!40101 SET @saved_cs_client     = @@character_set_client */;
/*!50503 SET character_set_client = utf8mb4 */;
CREATE TABLE `fin_ball_history` (
  `id` bigint NOT NULL AUTO_INCREMENT,
  `balance` bigint DEFAULT NULL,
  `date` datetime(6) DEFAULT NULL,
  `deal_type` varchar(255) DEFAULT NULL,
  `op_account_no` varchar(255) DEFAULT NULL,
  `op_bank_cp_code` bigint DEFAULT NULL,
  `op_bank_cp_logo` varchar(255) DEFAULT NULL,
  `op_bank_cp_name` varchar(255) DEFAULT NULL,
  `target` varchar(255) DEFAULT NULL,
  `value` bigint DEFAULT NULL,
  `category_id` bigint DEFAULT NULL,
  `fin_ball_account_account_no` varchar(255) DEFAULT NULL,
  PRIMARY KEY (`id`),
  KEY `FK3t076hsaxuscnxqm8bboij18` (`fin_ball_account_account_no`),
  KEY `FK8bm863eumyqhle7s4jqe8xnee` (`category_id`),
  CONSTRAINT `FK3t076hsaxuscnxqm8bboij18` FOREIGN KEY (`fin_ball_account_account_no`) REFERENCES `fin_ball_account` (`account_no`),
  CONSTRAINT `FK8bm863eumyqhle7s4jqe8xnee` FOREIGN KEY (`category_id`) REFERENCES `category` (`id`) ON DELETE SET NULL ON UPDATE RESTRICT
) ENGINE=InnoDB AUTO_INCREMENT=286 DEFAULT CHARSET=utf8mb4 COLLATE=utf8mb4_0900_ai_ci;
/*!40101 SET character_set_client = @saved_cs_client */;

--
-- Dumping data for table `fin_ball_history`
--

LOCK TABLES `fin_ball_history` WRITE;
/*!40000 ALTER TABLE `fin_ball_history` DISABLE KEYS */;
INSERT INTO `fin_ball_history` VALUES (1,3998900,'2023-09-22 02:57:25.652000','출금','67709-272678-213',106,'https://s3-hotsix.s3.ap-northeast-2.amazonaws.com/images/%ED%95%80%EB%B3%BC.png','핀볼','신현탁',1100,NULL,'02811-587248-619'),(2,1100,'2023-09-22 02:57:25.676000','입금','02811-587248-619',106,'https://s3-hotsix.s3.ap-northeast-2.amazonaws.com/images/%ED%95%80%EB%B3%BC.png','핀볼','정현우2',1100,NULL,'67709-272678-213'),(3,3997800,'2023-09-23 02:58:20.600000','출금','67709-272678-213',106,'https://s3-hotsix.s3.ap-northeast-2.amazonaws.com/images/%ED%95%80%EB%B3%BC.png','핀볼','신현탁',1100,NULL,'02811-587248-619'),(4,2200,'2023-09-23 02:58:20.622000','입금','02811-587248-619',106,'https://s3-hotsix.s3.ap-northeast-2.amazonaws.com/images/%ED%95%80%EB%B3%BC.png','핀볼','정현우2',1100,NULL,'67709-272678-213'),(5,3996700,'2023-09-24 02:58:27.614000','출금','67709-272678-213',106,'https://s3-hotsix.s3.ap-northeast-2.amazonaws.com/images/%ED%95%80%EB%B3%BC.png','핀볼','신현탁',1100,NULL,'02811-587248-619'),(6,3300,'2023-09-24 02:58:27.636000','입금','02811-587248-619',106,'https://s3-hotsix.s3.ap-northeast-2.amazonaws.com/images/%ED%95%80%EB%B3%BC.png','핀볼','정현우2',1100,NULL,'67709-272678-213'),(7,3995600,'2023-09-25 03:01:59.809000','출금','67709-272678-213',106,'https://s3-hotsix.s3.ap-northeast-2.amazonaws.com/images/%ED%95%80%EB%B3%BC.png','핀볼','신현탁',1100,NULL,'02811-587248-619'),(8,4400,'2023-09-25 03:01:59.829000','입금','02811-587248-619',106,'https://s3-hotsix.s3.ap-northeast-2.amazonaws.com/images/%ED%95%80%EB%B3%BC.png','핀볼','정현우2',1100,NULL,'67709-272678-213'),(9,3994500,'2023-09-26 03:02:00.933000','출금','67709-272678-213',106,'https://s3-hotsix.s3.ap-northeast-2.amazonaws.com/images/%ED%95%80%EB%B3%BC.png','핀볼','신현탁',1100,NULL,'02811-587248-619'),(10,5500,'2023-09-26 03:02:00.957000','입금','02811-587248-619',106,'https://s3-hotsix.s3.ap-northeast-2.amazonaws.com/images/%ED%95%80%EB%B3%BC.png','핀볼','정현우2',1100,NULL,'67709-272678-213'),(11,50000,'2023-09-26 14:54:03.087000','입금','690-13-707135-3',4,'https://tunkcalb.s3.ap-northeast-2.amazonaws.com/images/%EA%B8%B0%EC%97%85.png','기업','김정희',50000,NULL,'26874-305565-996'),(12,550000,'2023-09-26 14:54:37.724000','입금','690-13-707135-3',4,'https://tunkcalb.s3.ap-northeast-2.amazonaws.com/images/%EA%B8%B0%EC%97%85.png','기업','김정희',500000,NULL,'26874-305565-996'),(13,550123,'2023-09-26 14:56:23.913000','입금','690-13-707135-3',4,'https://tunkcalb.s3.ap-northeast-2.amazonaws.com/images/%EA%B8%B0%EC%97%85.png','기업','김정희',123,NULL,'26874-305565-996'),(24,555123,'2023-09-26 16:06:10.249000','입금','690-13-707135-3',4,'https://tunkcalb.s3.ap-northeast-2.amazonaws.com/images/%EA%B8%B0%EC%97%85.png','기업','김정희',5000,NULL,'26874-305565-996'),(25,3991500,'2023-09-27 02:09:38.542000','출금','14927-297307-278',106,'https://s3-hotsix.s3.ap-northeast-2.amazonaws.com/images/%ED%95%80%EB%B3%BC.png','핀볼','핫식스더킹제로파이널',3000,NULL,'02811-587248-619'),(26,3988500,'2023-09-27 02:11:08.577000','출금','14927-297307-278',106,'https://s3-hotsix.s3.ap-northeast-2.amazonaws.com/images/%ED%95%80%EB%B3%BC.png','핀볼','핫식스더킹제로파이널',3000,NULL,'02811-587248-619'),(27,3985500,'2023-09-27 02:12:54.094000','출금','14927-297307-278',106,'https://s3-hotsix.s3.ap-northeast-2.amazonaws.com/images/%ED%95%80%EB%B3%BC.png','핀볼','핫식스더킹제로파이널',3000,NULL,'02811-587248-619'),(28,3982500,'2023-09-27 02:14:37.624000','출금','14927-297307-278',106,'https://s3-hotsix.s3.ap-northeast-2.amazonaws.com/images/%ED%95%80%EB%B3%BC.png','핀볼','핫식스더킹제로파이널',3000,NULL,'02811-587248-619'),(29,3978500,'2023-09-27 02:14:42.729000','출금','14927-297307-278',106,'https://s3-hotsix.s3.ap-northeast-2.amazonaws.com/images/%ED%95%80%EB%B3%BC.png','핀볼','핫식스더킹제로파이널',4000,NULL,'02811-587248-619'),(30,3958500,'2023-09-27 02:14:48.367000','출금','14927-297307-278',106,'https://s3-hotsix.s3.ap-northeast-2.amazonaws.com/images/%ED%95%80%EB%B3%BC.png','핀볼','핫식스더킹제로파이널',20000,NULL,'02811-587248-619'),(31,3933300,'2023-09-27 02:14:55.836000','출금','14927-297307-278',106,'https://s3-hotsix.s3.ap-northeast-2.amazonaws.com/images/%ED%95%80%EB%B3%BC.png','핀볼','핫식스더킹제로파이널',25200,NULL,'02811-587248-619'),(32,562923,'2023-09-27 02:20:49.905447','입금','690-13-707135-3',4,'https://tunkcalb.s3.ap-northeast-2.amazonaws.com/images/%EA%B8%B0%EC%97%85.png','기업','김정희',7800,NULL,'26874-305565-996'),(33,289000,'2023-09-27 02:29:54.847000','입금','14927-297307-278',106,'https://s3-hotsix.s3.ap-northeast-2.amazonaws.com/images/%ED%95%80%EB%B3%BC.png','핀볼','핫식스더킹제로파이널',1000,NULL,'49231-264433-763'),(34,291000,'2023-09-27 02:30:00.339000','입금','14927-297307-278',106,'https://s3-hotsix.s3.ap-northeast-2.amazonaws.com/images/%ED%95%80%EB%B3%BC.png','핀볼','핫식스더킹제로파이널',2000,NULL,'49231-264433-763'),(35,294000,'2023-09-27 02:30:04.338000','입금','14927-297307-278',106,'https://s3-hotsix.s3.ap-northeast-2.amazonaws.com/images/%ED%95%80%EB%B3%BC.png','핀볼','핫식스더킹제로파이널',3000,NULL,'49231-264433-763'),(36,298000,'2023-09-27 02:30:08.126000','입금','14927-297307-278',106,'https://s3-hotsix.s3.ap-northeast-2.amazonaws.com/images/%ED%95%80%EB%B3%BC.png','핀볼','핫식스더킹제로파이널',4000,NULL,'49231-264433-763'),(37,302000,'2023-09-27 02:30:24.154000','입금','14927-297307-278',106,'https://s3-hotsix.s3.ap-northeast-2.amazonaws.com/images/%ED%95%80%EB%B3%BC.png','핀볼','핫식스더킹제로파이널',4000,NULL,'49231-264433-763'),(38,563723,'2023-09-27 02:33:15.641000','입금','690-13-707135-3',4,'https://tunkcalb.s3.ap-northeast-2.amazonaws.com/images/%EA%B8%B0%EC%97%85.png','기업','김정희',800,NULL,'26874-305565-996'),(39,563781,'2023-09-27 03:00:36.268000','입금','690-13-707135-3',4,'https://tunkcalb.s3.ap-northeast-2.amazonaws.com/images/%EA%B8%B0%EC%97%85.png','기업','김정희',58,NULL,'26874-305565-996'),(40,558281,'2023-09-28 06:55:59.569000','출금','67709-272678-213',106,'https://s3-hotsix.s3.ap-northeast-2.amazonaws.com/images/%ED%95%80%EB%B3%BC.png','핀볼','신현탁',5500,NULL,'26874-305565-996'),(41,11000,'2023-09-28 06:55:59.591000','입금','26874-305565-996',106,'https://s3-hotsix.s3.ap-northeast-2.amazonaws.com/images/%ED%95%80%EB%B3%BC.png','핀볼','김정희',5500,NULL,'67709-272678-213'),(42,546281,'2023-09-28 07:07:03.294000','출금','690-13-707135-3',4,'https://tunkcalb.s3.ap-northeast-2.amazonaws.com/images/%EA%B8%B0%EC%97%85.png','기업','김정희',12000,NULL,'26874-305565-996'),(43,506281,'2023-09-28 07:07:27.432000','출금','02811-587248-619',106,'https://s3-hotsix.s3.ap-northeast-2.amazonaws.com/images/%ED%95%80%EB%B3%BC.png','핀볼','정현우2',40000,NULL,'26874-305565-996'),(44,3973300,'2023-09-28 07:07:27.451000','입금','26874-305565-996',106,'https://s3-hotsix.s3.ap-northeast-2.amazonaws.com/images/%ED%95%80%EB%B3%BC.png','핀볼','김정희',40000,NULL,'02811-587248-619'),(45,501281,'2023-09-28 08:15:31.875000','출금','02811-587248-619',106,'https://s3-hotsix.s3.ap-northeast-2.amazonaws.com/images/%ED%95%80%EB%B3%BC.png','핀볼','정현우2',5000,NULL,'26874-305565-996'),(46,3978300,'2023-09-28 08:15:31.893000','입금','26874-305565-996',106,'https://s3-hotsix.s3.ap-northeast-2.amazonaws.com/images/%ED%95%80%EB%B3%BC.png','핀볼','김정희',5000,NULL,'02811-587248-619'),(47,496281,'2023-09-28 08:16:33.858000','출금','690-13-707135-3',4,'https://tunkcalb.s3.ap-northeast-2.amazonaws.com/images/%EA%B8%B0%EC%97%85.png','기업','김정희',5000,NULL,'26874-305565-996'),(48,500281,'2023-09-28 08:17:22.705000','입금','690-13-707135-3',4,'https://tunkcalb.s3.ap-northeast-2.amazonaws.com/images/%EA%B8%B0%EC%97%85.png','기업','김정희',4000,NULL,'26874-305565-996'),(49,491281,'2023-09-28 14:42:54.329000','출금','690-13-707135-3',4,'https://tunkcalb.s3.ap-northeast-2.amazonaws.com/images/%EA%B8%B0%EC%97%85.png','기업','김정희',9000,NULL,'26874-305565-996'),(50,486281,'2023-09-28 14:44:54.624000','출금','690-13-707135-3',4,'https://tunkcalb.s3.ap-northeast-2.amazonaws.com/images/%EA%B8%B0%EC%97%85.png','기업','김정희',5000,NULL,'26874-305565-996'),(51,200,'2023-09-28 16:01:15.423000','출금','67709-272678-213',106,'https://s3-hotsix.s3.ap-northeast-2.amazonaws.com/images/%ED%95%80%EB%B3%BC.png','핀볼','신현탁',100,NULL,'26874-305565-996'),(52,400,'2023-09-28 16:01:15.441000','입금','26874-305565-996',106,'https://s3-hotsix.s3.ap-northeast-2.amazonaws.com/images/%ED%95%80%EB%B3%BC.png','핀볼','김정희',100,NULL,'67709-272678-213'),(53,100,'2023-09-28 16:01:41.869000','출금','67709-272678-213',106,'https://s3-hotsix.s3.ap-northeast-2.amazonaws.com/images/%ED%95%80%EB%B3%BC.png','핀볼','신현탁',100,NULL,'26874-305565-996'),(54,500,'2023-09-28 16:01:41.891000','입금','26874-305565-996',106,'https://s3-hotsix.s3.ap-northeast-2.amazonaws.com/images/%ED%95%80%EB%B3%BC.png','핀볼','김정희',100,NULL,'67709-272678-213'),(55,0,'2023-09-28 16:02:06.152000','출금','690-13-707135-3',4,'https://tunkcalb.s3.ap-northeast-2.amazonaws.com/images/%EA%B8%B0%EC%97%85.png','기업','김정희',100,NULL,'26874-305565-996'),(56,0,'2023-09-28 16:10:52.260000','출금','690-13-707135-3',4,'https://tunkcalb.s3.ap-northeast-2.amazonaws.com/images/%EA%B8%B0%EC%97%85.png','기업','김정희',0,NULL,'26874-305565-996'),(57,2000,'2023-09-28 18:00:35.937000','입금','690-13-707135-3',4,'https://tunkcalb.s3.ap-northeast-2.amazonaws.com/images/%EA%B8%B0%EC%97%85.png','기업','김정희',2000,NULL,'26874-305565-996'),(58,488500,'2023-09-29 06:38:28.433000','출금','395-05-03412-1',5,'https://tunkcalb.s3.ap-northeast-2.amazonaws.com/images/%EB%86%8D%ED%98%91.png','농협','하성호',1500,NULL,'29072-869447-298'),(59,3415000,'2023-10-01 05:41:23.137000','출금','0584-92-9502797-9',3,'https://tunkcalb.s3.ap-northeast-2.amazonaws.com/images/%EA%B5%AD%EB%AF%BC.png','국민','정영빈',5000,22,'47677-475525-621'),(60,189000,'2023-10-01 06:57:23.331000','출금','02811-587248-619',106,'https://s3-hotsix.s3.ap-northeast-2.amazonaws.com/images/%ED%95%80%EB%B3%BC.png','핀볼','정현우2',1000,33,'67709-272678-213'),(61,1300,'2023-10-01 06:57:23.355000','입금','67709-272678-213',106,'https://s3-hotsix.s3.ap-northeast-2.amazonaws.com/images/%ED%95%80%EB%B3%BC.png','핀볼','신현탁',1000,NULL,'02811-587248-619'),(62,188000,'2023-10-01 08:34:37.153000','출금','150-91452389-8',12,'https://tunkcalb.s3.ap-northeast-2.amazonaws.com/images/%ED%86%A0%EC%8A%A4.png','토스뱅크','신현탁',1000,NULL,'67709-272678-213'),(63,178000,'2023-10-01 08:40:14.504000','출금','150-91452389-8',12,'https://tunkcalb.s3.ap-northeast-2.amazonaws.com/images/%ED%86%A0%EC%8A%A4.png','토스뱅크','신현탁',10000,NULL,'67709-272678-213'),(64,1250000,'2023-10-01 13:32:01.829000','입금','690-13-707135-3',4,'https://tunkcalb.s3.ap-northeast-2.amazonaws.com/images/%EA%B8%B0%EC%97%85.png','기업','김정희',20000,NULL,'26874-305565-996'),(65,1238000,'2023-10-01 13:34:29.143000','출금','690-13-707135-3',4,'https://tunkcalb.s3.ap-northeast-2.amazonaws.com/images/%EA%B8%B0%EC%97%85.png','기업','김정희',12000,NULL,'26874-305565-996'),(66,1258000,'2023-10-01 13:35:57.263000','입금','690-13-707135-3',4,'https://tunkcalb.s3.ap-northeast-2.amazonaws.com/images/%EA%B8%B0%EC%97%85.png','기업','김정희',20000,NULL,'26874-305565-996'),(67,1278000,'2023-10-01 13:39:53.220000','입금','690-13-707135-3',4,'https://tunkcalb.s3.ap-northeast-2.amazonaws.com/images/%EA%B8%B0%EC%97%85.png','기업','김정희',20000,NULL,'26874-305565-996'),(68,1228000,'2023-10-01 13:57:49.061000','출금','690-13-707135-3',4,'https://tunkcalb.s3.ap-northeast-2.amazonaws.com/images/%EA%B8%B0%EC%97%85.png','기업','김정희',50000,NULL,'26874-305565-996'),(69,1178000,'2023-10-01 13:59:51.640000','출금','690-13-707135-3',4,'https://tunkcalb.s3.ap-northeast-2.amazonaws.com/images/%EA%B8%B0%EC%97%85.png','기업','김정희',50000,NULL,'26874-305565-996'),(70,1128000,'2023-10-01 14:01:01.164000','출금','690-13-707135-3',4,'https://tunkcalb.s3.ap-northeast-2.amazonaws.com/images/%EA%B8%B0%EC%97%85.png','기업','김정희',50000,NULL,'26874-305565-996'),(71,1208000,'2023-10-01 14:01:48.812000','입금','690-13-707135-3',4,'https://tunkcalb.s3.ap-northeast-2.amazonaws.com/images/%EA%B8%B0%EC%97%85.png','기업','김정희',80000,NULL,'26874-305565-996'),(72,1298000,'2023-10-01 14:04:58.398000','입금','690-13-707135-3',4,'https://tunkcalb.s3.ap-northeast-2.amazonaws.com/images/%EA%B8%B0%EC%97%85.png','기업','김정희',90000,NULL,'26874-305565-996'),(73,1338000,'2023-10-01 14:10:26.379000','입금','690-13-707135-3',4,'https://tunkcalb.s3.ap-northeast-2.amazonaws.com/images/%EA%B8%B0%EC%97%85.png','기업','김정희',40000,NULL,'26874-305565-996'),(74,1276000,'2023-10-02 11:26:04.803000','입금','690-13-707135-3',4,'https://tunkcalb.s3.ap-northeast-2.amazonaws.com/images/%EA%B8%B0%EC%97%85.png','기업','김정희',20000,NULL,'26874-305565-996'),(75,1256000,'2023-10-02 11:35:10.417000','출금','67709-272678-213',106,'https://s3-hotsix.s3.ap-northeast-2.amazonaws.com/images/%ED%95%80%EB%B3%BC.png','핀볼','신현탁',20000,NULL,'26874-305565-996'),(76,198000,'2023-10-02 11:35:10.447000','입금','26874-305565-996',106,'https://s3-hotsix.s3.ap-northeast-2.amazonaws.com/images/%ED%95%80%EB%B3%BC.png','핀볼','김정희',20000,NULL,'67709-272678-213'),(77,188000,'2023-10-02 11:44:18.781000','출금','150-91452389-8',12,'https://tunkcalb.s3.ap-northeast-2.amazonaws.com/images/%ED%86%A0%EC%8A%A4.png','토스뱅크','신현탁',10000,NULL,'67709-272678-213'),(78,178000,'2023-10-02 13:12:34.781000','출금','150-91452389-8',12,'https://tunkcalb.s3.ap-northeast-2.amazonaws.com/images/%ED%86%A0%EC%8A%A4.png','토스뱅크','신현탁',10000,NULL,'67709-272678-213'),(79,168000,'2023-10-02 13:16:14.830000','출금','150-91452389-8',12,'https://tunkcalb.s3.ap-northeast-2.amazonaws.com/images/%ED%86%A0%EC%8A%A4.png','토스뱅크','신현탁',10000,NULL,'67709-272678-213'),(80,158000,'2023-10-02 13:17:24.259000','출금','150-91452389-8',12,'https://tunkcalb.s3.ap-northeast-2.amazonaws.com/images/%ED%86%A0%EC%8A%A4.png','토스뱅크','신현탁',10000,NULL,'67709-272678-213'),(81,108000,'2023-10-02 13:27:44.211000','출금','150-91452389-8',12,'https://tunkcalb.s3.ap-northeast-2.amazonaws.com/images/%ED%86%A0%EC%8A%A4.png','토스뱅크','신현탁',50000,NULL,'67709-272678-213'),(82,98000,'2023-10-02 13:29:02.455000','출금','150-91452389-8',12,'https://tunkcalb.s3.ap-northeast-2.amazonaws.com/images/%ED%86%A0%EC%8A%A4.png','토스뱅크','신현탁',10000,NULL,'67709-272678-213'),(83,198000,'2023-10-02 14:13:40.135000','입금','150-91452389-8',12,'https://tunkcalb.s3.ap-northeast-2.amazonaws.com/images/%ED%86%A0%EC%8A%A4.png','토스뱅크','신현탁',100000,NULL,'67709-272678-213'),(84,208000,'2023-10-02 14:14:30.173000','입금','150-91452389-8',12,'https://tunkcalb.s3.ap-northeast-2.amazonaws.com/images/%ED%86%A0%EC%8A%A4.png','토스뱅크','신현탁',10000,NULL,'67709-272678-213'),(85,100000,'2023-10-02 14:37:07.714000','출금','150-91452389-8',12,'https://tunkcalb.s3.ap-northeast-2.amazonaws.com/images/%ED%86%A0%EC%8A%A4.png','토스뱅크','신현탁',500000,NULL,'67709-272678-213'),(86,600000,'2023-10-02 14:39:47.239000','입금','150-91452389-8',12,'https://tunkcalb.s3.ap-northeast-2.amazonaws.com/images/%ED%86%A0%EC%8A%A4.png','토스뱅크','신현탁',500000,NULL,'67709-272678-213'),(87,100000,'2023-10-02 14:40:34.618000','출금','150-91452389-8',12,'https://tunkcalb.s3.ap-northeast-2.amazonaws.com/images/%ED%86%A0%EC%8A%A4.png','토스뱅크','신현탁',500000,NULL,'67709-272678-213'),(88,600000,'2023-10-02 14:40:58.056000','입금','150-91452389-8',12,'https://tunkcalb.s3.ap-northeast-2.amazonaws.com/images/%ED%86%A0%EC%8A%A4.png','토스뱅크','신현탁',500000,NULL,'67709-272678-213'),(89,100000,'2023-10-02 14:41:46.618000','출금','150-91452389-8',12,'https://tunkcalb.s3.ap-northeast-2.amazonaws.com/images/%ED%86%A0%EC%8A%A4.png','토스뱅크','신현탁',500000,NULL,'67709-272678-213'),(90,600000,'2023-10-02 14:43:21.236000','입금','150-91452389-8',12,'https://tunkcalb.s3.ap-northeast-2.amazonaws.com/images/%ED%86%A0%EC%8A%A4.png','토스뱅크','신현탁',500000,NULL,'67709-272678-213'),(91,100000,'2023-10-02 14:45:03.479000','출금','150-91452389-8',12,'https://tunkcalb.s3.ap-northeast-2.amazonaws.com/images/%ED%86%A0%EC%8A%A4.png','토스뱅크','신현탁',500000,NULL,'67709-272678-213'),(92,600000,'2023-10-02 14:45:30.559000','입금','150-91452389-8',12,'https://tunkcalb.s3.ap-northeast-2.amazonaws.com/images/%ED%86%A0%EC%8A%A4.png','토스뱅크','신현탁',500000,NULL,'67709-272678-213'),(93,100000,'2023-10-02 14:46:10.853000','출금','150-91452389-8',12,'https://tunkcalb.s3.ap-northeast-2.amazonaws.com/images/%ED%86%A0%EC%8A%A4.png','토스뱅크','신현탁',500000,NULL,'67709-272678-213'),(94,600000,'2023-10-02 14:47:06.580000','입금','150-91452389-8',12,'https://tunkcalb.s3.ap-northeast-2.amazonaws.com/images/%ED%86%A0%EC%8A%A4.png','토스뱅크','신현탁',500000,NULL,'67709-272678-213'),(95,100000,'2023-10-02 14:51:40.934000','출금','150-91452389-8',12,'https://tunkcalb.s3.ap-northeast-2.amazonaws.com/images/%ED%86%A0%EC%8A%A4.png','토스뱅크','신현탁',500000,NULL,'67709-272678-213'),(96,600000,'2023-10-02 14:52:36.254000','입금','150-91452389-8',12,'https://tunkcalb.s3.ap-northeast-2.amazonaws.com/images/%ED%86%A0%EC%8A%A4.png','토스뱅크','신현탁',500000,NULL,'67709-272678-213'),(97,100000,'2023-10-02 14:52:57.321000','출금','150-91452389-8',12,'https://tunkcalb.s3.ap-northeast-2.amazonaws.com/images/%ED%86%A0%EC%8A%A4.png','토스뱅크','신현탁',500000,NULL,'67709-272678-213'),(98,600000,'2023-10-02 14:53:56.271000','입금','150-91452389-8',12,'https://tunkcalb.s3.ap-northeast-2.amazonaws.com/images/%ED%86%A0%EC%8A%A4.png','토스뱅크','신현탁',500000,NULL,'67709-272678-213'),(99,100000,'2023-10-02 14:54:13.115000','출금','150-91452389-8',12,'https://tunkcalb.s3.ap-northeast-2.amazonaws.com/images/%ED%86%A0%EC%8A%A4.png','토스뱅크','신현탁',500000,NULL,'67709-272678-213'),(100,600000,'2023-10-02 14:54:40.193000','입금','150-91452389-8',12,'https://tunkcalb.s3.ap-northeast-2.amazonaws.com/images/%ED%86%A0%EC%8A%A4.png','토스뱅크','신현탁',500000,NULL,'67709-272678-213'),(101,100000,'2023-10-02 14:54:55.554000','출금','150-91452389-8',12,'https://tunkcalb.s3.ap-northeast-2.amazonaws.com/images/%ED%86%A0%EC%8A%A4.png','토스뱅크','신현탁',500000,NULL,'67709-272678-213'),(102,600000,'2023-10-02 14:56:22.686000','입금','150-91452389-8',12,'https://tunkcalb.s3.ap-northeast-2.amazonaws.com/images/%ED%86%A0%EC%8A%A4.png','토스뱅크','신현탁',500000,NULL,'67709-272678-213'),(103,100000,'2023-10-02 14:57:02.934000','출금','150-91452389-8',12,'https://tunkcalb.s3.ap-northeast-2.amazonaws.com/images/%ED%86%A0%EC%8A%A4.png','토스뱅크','신현탁',500000,NULL,'67709-272678-213'),(104,600000,'2023-10-02 14:58:50.704000','입금','150-91452389-8',12,'https://tunkcalb.s3.ap-northeast-2.amazonaws.com/images/%ED%86%A0%EC%8A%A4.png','토스뱅크','신현탁',500000,NULL,'67709-272678-213'),(105,100000,'2023-10-02 15:00:10.067000','출금','150-91452389-8',12,'https://tunkcalb.s3.ap-northeast-2.amazonaws.com/images/%ED%86%A0%EC%8A%A4.png','토스뱅크','신현탁',500000,NULL,'67709-272678-213'),(106,600000,'2023-10-02 15:00:44.819000','입금','150-91452389-8',12,'https://tunkcalb.s3.ap-northeast-2.amazonaws.com/images/%ED%86%A0%EC%8A%A4.png','토스뱅크','신현탁',500000,NULL,'67709-272678-213'),(107,100000,'2023-10-02 15:01:39.994000','출금','150-91452389-8',12,'https://tunkcalb.s3.ap-northeast-2.amazonaws.com/images/%ED%86%A0%EC%8A%A4.png','토스뱅크','신현탁',500000,NULL,'67709-272678-213'),(108,600000,'2023-10-02 15:02:23.212000','입금','150-91452389-8',12,'https://tunkcalb.s3.ap-northeast-2.amazonaws.com/images/%ED%86%A0%EC%8A%A4.png','토스뱅크','신현탁',500000,NULL,'67709-272678-213'),(109,100000,'2023-10-02 15:05:44.096000','출금','150-91452389-8',12,'https://tunkcalb.s3.ap-northeast-2.amazonaws.com/images/%ED%86%A0%EC%8A%A4.png','토스뱅크','신현탁',500000,NULL,'67709-272678-213'),(110,600000,'2023-10-02 15:07:23.137000','입금','150-91452389-8',12,'https://tunkcalb.s3.ap-northeast-2.amazonaws.com/images/%ED%86%A0%EC%8A%A4.png','토스뱅크','신현탁',500000,NULL,'67709-272678-213'),(111,100000,'2023-10-02 15:09:03.843000','출금','150-91452389-8',12,'https://tunkcalb.s3.ap-northeast-2.amazonaws.com/images/%ED%86%A0%EC%8A%A4.png','토스뱅크','신현탁',500000,NULL,'67709-272678-213'),(112,600000,'2023-10-02 15:09:59.128000','입금','150-91452389-8',12,'https://tunkcalb.s3.ap-northeast-2.amazonaws.com/images/%ED%86%A0%EC%8A%A4.png','토스뱅크','신현탁',500000,NULL,'67709-272678-213'),(113,100000,'2023-10-02 15:11:05.833000','출금','150-91452389-8',12,'https://tunkcalb.s3.ap-northeast-2.amazonaws.com/images/%ED%86%A0%EC%8A%A4.png','토스뱅크','신현탁',500000,NULL,'67709-272678-213'),(114,600000,'2023-10-02 15:12:29.297000','입금','150-91452389-8',12,'https://tunkcalb.s3.ap-northeast-2.amazonaws.com/images/%ED%86%A0%EC%8A%A4.png','토스뱅크','신현탁',500000,NULL,'67709-272678-213'),(115,100000,'2023-10-02 15:15:25.092000','출금','150-91452389-8',12,'https://tunkcalb.s3.ap-northeast-2.amazonaws.com/images/%ED%86%A0%EC%8A%A4.png','토스뱅크','신현탁',500000,NULL,'67709-272678-213'),(116,600000,'2023-10-02 15:15:55.878000','입금','150-91452389-8',12,'https://tunkcalb.s3.ap-northeast-2.amazonaws.com/images/%ED%86%A0%EC%8A%A4.png','토스뱅크','신현탁',500000,NULL,'67709-272678-213'),(117,100000,'2023-10-02 15:16:38.990000','출금','150-91452389-8',12,'https://tunkcalb.s3.ap-northeast-2.amazonaws.com/images/%ED%86%A0%EC%8A%A4.png','토스뱅크','신현탁',500000,NULL,'67709-272678-213'),(118,600000,'2023-10-02 15:17:12.227000','입금','150-91452389-8',12,'https://tunkcalb.s3.ap-northeast-2.amazonaws.com/images/%ED%86%A0%EC%8A%A4.png','토스뱅크','신현탁',500000,NULL,'67709-272678-213'),(119,100000,'2023-10-02 15:17:59.328000','출금','150-91452389-8',12,'https://tunkcalb.s3.ap-northeast-2.amazonaws.com/images/%ED%86%A0%EC%8A%A4.png','토스뱅크','신현탁',500000,NULL,'67709-272678-213'),(120,600000,'2023-10-02 15:18:23.704000','입금','150-91452389-8',12,'https://tunkcalb.s3.ap-northeast-2.amazonaws.com/images/%ED%86%A0%EC%8A%A4.png','토스뱅크','신현탁',500000,NULL,'67709-272678-213'),(121,100000,'2023-10-02 15:19:07.682000','출금','150-91452389-8',12,'https://tunkcalb.s3.ap-northeast-2.amazonaws.com/images/%ED%86%A0%EC%8A%A4.png','토스뱅크','신현탁',500000,NULL,'67709-272678-213'),(122,600000,'2023-10-02 15:19:24.554000','입금','150-91452389-8',12,'https://tunkcalb.s3.ap-northeast-2.amazonaws.com/images/%ED%86%A0%EC%8A%A4.png','토스뱅크','신현탁',500000,NULL,'67709-272678-213'),(123,100000,'2023-10-02 15:23:40.904000','출금','150-91452389-8',12,'https://tunkcalb.s3.ap-northeast-2.amazonaws.com/images/%ED%86%A0%EC%8A%A4.png','토스뱅크','신현탁',500000,NULL,'67709-272678-213'),(124,600000,'2023-10-02 15:24:55.340000','입금','150-91452389-8',12,'https://tunkcalb.s3.ap-northeast-2.amazonaws.com/images/%ED%86%A0%EC%8A%A4.png','토스뱅크','신현탁',500000,NULL,'67709-272678-213'),(125,100000,'2023-10-02 15:25:55.469000','출금','150-91452389-8',12,'https://tunkcalb.s3.ap-northeast-2.amazonaws.com/images/%ED%86%A0%EC%8A%A4.png','토스뱅크','신현탁',500000,NULL,'67709-272678-213'),(126,600000,'2023-10-02 15:28:10.585000','입금','150-91452389-8',12,'https://tunkcalb.s3.ap-northeast-2.amazonaws.com/images/%ED%86%A0%EC%8A%A4.png','토스뱅크','신현탁',500000,NULL,'67709-272678-213'),(127,100000,'2023-10-02 15:28:26.766000','출금','150-91452389-8',12,'https://tunkcalb.s3.ap-northeast-2.amazonaws.com/images/%ED%86%A0%EC%8A%A4.png','토스뱅크','신현탁',500000,NULL,'67709-272678-213'),(128,600000,'2023-10-02 15:32:05.739000','입금','150-91452389-8',12,'https://tunkcalb.s3.ap-northeast-2.amazonaws.com/images/%ED%86%A0%EC%8A%A4.png','토스뱅크','신현탁',500000,NULL,'67709-272678-213'),(129,100000,'2023-10-02 15:34:47.704000','출금','150-91452389-8',12,'https://tunkcalb.s3.ap-northeast-2.amazonaws.com/images/%ED%86%A0%EC%8A%A4.png','토스뱅크','신현탁',500000,NULL,'67709-272678-213'),(130,600000,'2023-10-02 15:35:05.495000','입금','150-91452389-8',12,'https://tunkcalb.s3.ap-northeast-2.amazonaws.com/images/%ED%86%A0%EC%8A%A4.png','토스뱅크','신현탁',500000,NULL,'67709-272678-213'),(131,100000,'2023-10-02 15:36:17.993000','출금','150-91452389-8',12,'https://tunkcalb.s3.ap-northeast-2.amazonaws.com/images/%ED%86%A0%EC%8A%A4.png','토스뱅크','신현탁',500000,NULL,'67709-272678-213'),(132,600000,'2023-10-02 15:37:17.431000','입금','150-91452389-8',12,'https://tunkcalb.s3.ap-northeast-2.amazonaws.com/images/%ED%86%A0%EC%8A%A4.png','토스뱅크','신현탁',500000,NULL,'67709-272678-213'),(133,100000,'2023-10-02 15:39:10.475000','출금','150-91452389-8',12,'https://tunkcalb.s3.ap-northeast-2.amazonaws.com/images/%ED%86%A0%EC%8A%A4.png','토스뱅크','신현탁',500000,NULL,'67709-272678-213'),(134,600000,'2023-10-02 15:39:52.513000','입금','150-91452389-8',12,'https://tunkcalb.s3.ap-northeast-2.amazonaws.com/images/%ED%86%A0%EC%8A%A4.png','토스뱅크','신현탁',500000,NULL,'67709-272678-213'),(135,100000,'2023-10-02 15:40:09.034000','출금','150-91452389-8',12,'https://tunkcalb.s3.ap-northeast-2.amazonaws.com/images/%ED%86%A0%EC%8A%A4.png','토스뱅크','신현탁',500000,NULL,'67709-272678-213'),(136,600000,'2023-10-02 15:40:34.842000','입금','150-91452389-8',12,'https://tunkcalb.s3.ap-northeast-2.amazonaws.com/images/%ED%86%A0%EC%8A%A4.png','토스뱅크','신현탁',500000,NULL,'67709-272678-213'),(137,100000,'2023-10-02 15:41:26.716000','출금','150-91452389-8',12,'https://tunkcalb.s3.ap-northeast-2.amazonaws.com/images/%ED%86%A0%EC%8A%A4.png','토스뱅크','신현탁',500000,NULL,'67709-272678-213'),(138,600000,'2023-10-02 15:41:54.081000','입금','150-91452389-8',12,'https://tunkcalb.s3.ap-northeast-2.amazonaws.com/images/%ED%86%A0%EC%8A%A4.png','토스뱅크','신현탁',500000,NULL,'67709-272678-213'),(139,100000,'2023-10-02 15:42:25.464000','출금','150-91452389-8',12,'https://tunkcalb.s3.ap-northeast-2.amazonaws.com/images/%ED%86%A0%EC%8A%A4.png','토스뱅크','신현탁',500000,NULL,'67709-272678-213'),(140,600000,'2023-10-02 15:42:49.528000','입금','150-91452389-8',12,'https://tunkcalb.s3.ap-northeast-2.amazonaws.com/images/%ED%86%A0%EC%8A%A4.png','토스뱅크','신현탁',500000,NULL,'67709-272678-213'),(141,100000,'2023-10-02 15:43:14.252000','출금','150-91452389-8',12,'https://tunkcalb.s3.ap-northeast-2.amazonaws.com/images/%ED%86%A0%EC%8A%A4.png','토스뱅크','신현탁',500000,NULL,'67709-272678-213'),(142,600000,'2023-10-02 15:43:31.399000','입금','150-91452389-8',12,'https://tunkcalb.s3.ap-northeast-2.amazonaws.com/images/%ED%86%A0%EC%8A%A4.png','토스뱅크','신현탁',500000,NULL,'67709-272678-213'),(143,100000,'2023-10-02 15:43:47.519000','출금','150-91452389-8',12,'https://tunkcalb.s3.ap-northeast-2.amazonaws.com/images/%ED%86%A0%EC%8A%A4.png','토스뱅크','신현탁',500000,NULL,'67709-272678-213'),(144,600000,'2023-10-02 15:44:02.915000','입금','150-91452389-8',12,'https://tunkcalb.s3.ap-northeast-2.amazonaws.com/images/%ED%86%A0%EC%8A%A4.png','토스뱅크','신현탁',500000,NULL,'67709-272678-213'),(145,100000,'2023-10-02 15:44:23.758000','출금','150-91452389-8',12,'https://tunkcalb.s3.ap-northeast-2.amazonaws.com/images/%ED%86%A0%EC%8A%A4.png','토스뱅크','신현탁',500000,NULL,'67709-272678-213'),(146,600000,'2023-10-02 15:44:40.153000','입금','150-91452389-8',12,'https://tunkcalb.s3.ap-northeast-2.amazonaws.com/images/%ED%86%A0%EC%8A%A4.png','토스뱅크','신현탁',500000,NULL,'67709-272678-213'),(147,100000,'2023-10-02 15:44:55.249000','출금','150-91452389-8',12,'https://tunkcalb.s3.ap-northeast-2.amazonaws.com/images/%ED%86%A0%EC%8A%A4.png','토스뱅크','신현탁',500000,NULL,'67709-272678-213'),(148,600000,'2023-10-02 15:46:25.808000','입금','150-91452389-8',12,'https://tunkcalb.s3.ap-northeast-2.amazonaws.com/images/%ED%86%A0%EC%8A%A4.png','토스뱅크','신현탁',500000,NULL,'67709-272678-213'),(149,100000,'2023-10-02 15:46:51.812000','출금','150-91452389-8',12,'https://tunkcalb.s3.ap-northeast-2.amazonaws.com/images/%ED%86%A0%EC%8A%A4.png','토스뱅크','신현탁',500000,NULL,'67709-272678-213'),(150,600000,'2023-10-02 15:47:37.006000','입금','150-91452389-8',12,'https://tunkcalb.s3.ap-northeast-2.amazonaws.com/images/%ED%86%A0%EC%8A%A4.png','토스뱅크','신현탁',500000,NULL,'67709-272678-213'),(151,100000,'2023-10-02 15:49:16.571000','출금','150-91452389-8',12,'https://tunkcalb.s3.ap-northeast-2.amazonaws.com/images/%ED%86%A0%EC%8A%A4.png','토스뱅크','신현탁',500000,NULL,'67709-272678-213'),(152,490000,'2023-10-02 15:50:13.556000','입금','150-91452389-8',12,'https://tunkcalb.s3.ap-northeast-2.amazonaws.com/images/%ED%86%A0%EC%8A%A4.png','토스뱅크','신현탁',390000,NULL,'67709-272678-213'),(153,100000,'2023-10-02 15:52:27.359000','출금','150-91452389-8',12,'https://tunkcalb.s3.ap-northeast-2.amazonaws.com/images/%ED%86%A0%EC%8A%A4.png','토스뱅크','신현탁',390000,NULL,'67709-272678-213'),(154,490000,'2023-10-02 15:54:18.648000','입금','150-91452389-8',12,'https://tunkcalb.s3.ap-northeast-2.amazonaws.com/images/%ED%86%A0%EC%8A%A4.png','토스뱅크','신현탁',390000,NULL,'67709-272678-213'),(155,100000,'2023-10-02 15:55:11.573000','출금','150-91452389-8',12,'https://tunkcalb.s3.ap-northeast-2.amazonaws.com/images/%ED%86%A0%EC%8A%A4.png','토스뱅크','신현탁',390000,NULL,'67709-272678-213'),(156,490000,'2023-10-02 15:56:33.121000','입금','150-91452389-8',12,'https://tunkcalb.s3.ap-northeast-2.amazonaws.com/images/%ED%86%A0%EC%8A%A4.png','토스뱅크','신현탁',390000,NULL,'67709-272678-213'),(157,100000,'2023-10-02 15:57:14.907000','출금','150-91452389-8',12,'https://tunkcalb.s3.ap-northeast-2.amazonaws.com/images/%ED%86%A0%EC%8A%A4.png','토스뱅크','신현탁',390000,NULL,'67709-272678-213'),(158,490000,'2023-10-02 15:58:18.958000','입금','150-91452389-8',12,'https://tunkcalb.s3.ap-northeast-2.amazonaws.com/images/%ED%86%A0%EC%8A%A4.png','토스뱅크','신현탁',390000,NULL,'67709-272678-213'),(159,100000,'2023-10-02 15:59:09.671000','출금','150-91452389-8',12,'https://tunkcalb.s3.ap-northeast-2.amazonaws.com/images/%ED%86%A0%EC%8A%A4.png','토스뱅크','신현탁',390000,NULL,'67709-272678-213'),(160,130000,'2023-10-02 15:59:43.115000','입금','951-06-277437-0',4,'https://tunkcalb.s3.ap-northeast-2.amazonaws.com/images/%EA%B8%B0%EC%97%85.png','기업','신현탁',30000,NULL,'67709-272678-213'),(161,90000,'2023-10-02 16:00:01.941000','출금','150-91452389-8',12,'https://tunkcalb.s3.ap-northeast-2.amazonaws.com/images/%ED%86%A0%EC%8A%A4.png','토스뱅크','신현탁',40000,NULL,'67709-272678-213'),(162,495000,'2023-10-02 16:00:35.438000','입금','150-91452389-8',12,'https://tunkcalb.s3.ap-northeast-2.amazonaws.com/images/%ED%86%A0%EC%8A%A4.png','토스뱅크','신현탁',405000,NULL,'67709-272678-213'),(163,510000,'2023-10-02 16:00:59.590000','입금','150-91452389-8',12,'https://tunkcalb.s3.ap-northeast-2.amazonaws.com/images/%ED%86%A0%EC%8A%A4.png','토스뱅크','신현탁',15000,NULL,'67709-272678-213'),(164,10000,'2023-10-02 16:02:11.484000','출금','150-91452389-8',12,'https://tunkcalb.s3.ap-northeast-2.amazonaws.com/images/%ED%86%A0%EC%8A%A4.png','토스뱅크','신현탁',500000,NULL,'67709-272678-213'),(165,490000,'2023-10-02 16:02:33.693000','입금','150-91452389-8',12,'https://tunkcalb.s3.ap-northeast-2.amazonaws.com/images/%ED%86%A0%EC%8A%A4.png','토스뱅크','신현탁',480000,NULL,'67709-272678-213'),(166,10000,'2023-10-02 16:04:16.569000','출금','150-91452389-8',12,'https://tunkcalb.s3.ap-northeast-2.amazonaws.com/images/%ED%86%A0%EC%8A%A4.png','토스뱅크','신현탁',480000,NULL,'67709-272678-213'),(167,490000,'2023-10-02 16:04:38.626000','입금','150-91452389-8',12,'https://tunkcalb.s3.ap-northeast-2.amazonaws.com/images/%ED%86%A0%EC%8A%A4.png','토스뱅크','신현탁',480000,NULL,'67709-272678-213'),(168,10000,'2023-10-02 16:05:43.511000','출금','150-91452389-8',12,'https://tunkcalb.s3.ap-northeast-2.amazonaws.com/images/%ED%86%A0%EC%8A%A4.png','토스뱅크','신현탁',480000,NULL,'67709-272678-213'),(169,490000,'2023-10-02 16:05:59.252000','입금','150-91452389-8',12,'https://tunkcalb.s3.ap-northeast-2.amazonaws.com/images/%ED%86%A0%EC%8A%A4.png','토스뱅크','신현탁',480000,NULL,'67709-272678-213'),(170,540000,'2023-10-02 16:06:26.311000','입금','150-91452389-8',12,'https://tunkcalb.s3.ap-northeast-2.amazonaws.com/images/%ED%86%A0%EC%8A%A4.png','토스뱅크','신현탁',50000,NULL,'67709-272678-213'),(171,490000,'2023-10-02 16:07:30.377000','출금','150-91452389-8',12,'https://tunkcalb.s3.ap-northeast-2.amazonaws.com/images/%ED%86%A0%EC%8A%A4.png','토스뱅크','신현탁',50000,NULL,'67709-272678-213'),(172,100000,'2023-10-02 16:07:53.773000','출금','150-91452389-8',12,'https://tunkcalb.s3.ap-northeast-2.amazonaws.com/images/%ED%86%A0%EC%8A%A4.png','토스뱅크','신현탁',390000,NULL,'67709-272678-213'),(173,480000,'2023-10-02 16:08:15.302000','입금','150-91452389-8',12,'https://tunkcalb.s3.ap-northeast-2.amazonaws.com/images/%ED%86%A0%EC%8A%A4.png','토스뱅크','신현탁',380000,NULL,'67709-272678-213'),(174,440000,'2023-10-02 16:09:33.242000','출금','150-91452389-8',12,'https://tunkcalb.s3.ap-northeast-2.amazonaws.com/images/%ED%86%A0%EC%8A%A4.png','토스뱅크','신현탁',40000,NULL,'67709-272678-213'),(175,40000,'2023-10-02 16:09:49.640000','출금','150-91452389-8',12,'https://tunkcalb.s3.ap-northeast-2.amazonaws.com/images/%ED%86%A0%EC%8A%A4.png','토스뱅크','신현탁',400000,NULL,'67709-272678-213'),(176,440000,'2023-10-02 16:10:21.819000','입금','150-91452389-8',12,'https://tunkcalb.s3.ap-northeast-2.amazonaws.com/images/%ED%86%A0%EC%8A%A4.png','토스뱅크','신현탁',400000,NULL,'67709-272678-213'),(177,540000,'2023-10-02 16:10:39.383000','입금','150-91452389-8',12,'https://tunkcalb.s3.ap-northeast-2.amazonaws.com/images/%ED%86%A0%EC%8A%A4.png','토스뱅크','신현탁',100000,NULL,'67709-272678-213'),(178,490000,'2023-10-02 16:10:57.454000','출금','150-91452389-8',12,'https://tunkcalb.s3.ap-northeast-2.amazonaws.com/images/%ED%86%A0%EC%8A%A4.png','토스뱅크','신현탁',50000,NULL,'67709-272678-213'),(179,90000,'2023-10-02 16:11:22.506000','출금','150-91452389-8',12,'https://tunkcalb.s3.ap-northeast-2.amazonaws.com/images/%ED%86%A0%EC%8A%A4.png','토스뱅크','신현탁',400000,NULL,'67709-272678-213'),(180,490000,'2023-10-02 16:11:46.132000','입금','150-91452389-8',12,'https://tunkcalb.s3.ap-northeast-2.amazonaws.com/images/%ED%86%A0%EC%8A%A4.png','토스뱅크','신현탁',400000,NULL,'67709-272678-213'),(181,90000,'2023-10-02 16:12:16.332000','출금','150-91452389-8',12,'https://tunkcalb.s3.ap-northeast-2.amazonaws.com/images/%ED%86%A0%EC%8A%A4.png','토스뱅크','신현탁',400000,NULL,'67709-272678-213'),(182,490000,'2023-10-02 16:12:39.276000','입금','150-91452389-8',12,'https://tunkcalb.s3.ap-northeast-2.amazonaws.com/images/%ED%86%A0%EC%8A%A4.png','토스뱅크','신현탁',400000,NULL,'67709-272678-213'),(183,90000,'2023-10-02 16:13:01.085000','출금','150-91452389-8',12,'https://tunkcalb.s3.ap-northeast-2.amazonaws.com/images/%ED%86%A0%EC%8A%A4.png','토스뱅크','신현탁',400000,NULL,'67709-272678-213'),(184,590000,'2023-10-02 16:13:32.564000','입금','150-91452389-8',12,'https://tunkcalb.s3.ap-northeast-2.amazonaws.com/images/%ED%86%A0%EC%8A%A4.png','토스뱅크','신현탁',500000,NULL,'67709-272678-213'),(185,490000,'2023-10-02 16:17:11.360000','출금','150-91452389-8',12,'https://tunkcalb.s3.ap-northeast-2.amazonaws.com/images/%ED%86%A0%EC%8A%A4.png','토스뱅크','신현탁',100000,NULL,'67709-272678-213'),(186,10000,'2023-10-02 16:17:48.559000','출금','150-91452389-8',12,'https://tunkcalb.s3.ap-northeast-2.amazonaws.com/images/%ED%86%A0%EC%8A%A4.png','토스뱅크','신현탁',480000,NULL,'67709-272678-213'),(187,410000,'2023-10-02 16:18:10.273000','입금','150-91452389-8',12,'https://tunkcalb.s3.ap-northeast-2.amazonaws.com/images/%ED%86%A0%EC%8A%A4.png','토스뱅크','신현탁',400000,NULL,'67709-272678-213'),(188,60000,'2023-10-02 16:18:26.538000','출금','150-91452389-8',12,'https://tunkcalb.s3.ap-northeast-2.amazonaws.com/images/%ED%86%A0%EC%8A%A4.png','토스뱅크','신현탁',350000,NULL,'67709-272678-213'),(189,460000,'2023-10-02 16:20:17.319000','입금','150-91452389-8',12,'https://tunkcalb.s3.ap-northeast-2.amazonaws.com/images/%ED%86%A0%EC%8A%A4.png','토스뱅크','신현탁',400000,NULL,'67709-272678-213'),(190,60000,'2023-10-02 16:20:34.793000','출금','150-91452389-8',12,'https://tunkcalb.s3.ap-northeast-2.amazonaws.com/images/%ED%86%A0%EC%8A%A4.png','토스뱅크','신현탁',400000,NULL,'67709-272678-213'),(191,460000,'2023-10-02 16:21:53.854000','입금','150-91452389-8',12,'https://tunkcalb.s3.ap-northeast-2.amazonaws.com/images/%ED%86%A0%EC%8A%A4.png','토스뱅크','신현탁',400000,NULL,'67709-272678-213'),(192,60000,'2023-10-02 16:22:09.526000','출금','150-91452389-8',12,'https://tunkcalb.s3.ap-northeast-2.amazonaws.com/images/%ED%86%A0%EC%8A%A4.png','토스뱅크','신현탁',400000,NULL,'67709-272678-213'),(193,610000,'2023-10-02 16:22:33.302000','입금','150-91452389-8',12,'https://tunkcalb.s3.ap-northeast-2.amazonaws.com/images/%ED%86%A0%EC%8A%A4.png','토스뱅크','신현탁',550000,NULL,'67709-272678-213'),(194,490000,'2023-10-02 16:22:57.311000','출금','150-91452389-8',12,'https://tunkcalb.s3.ap-northeast-2.amazonaws.com/images/%ED%86%A0%EC%8A%A4.png','토스뱅크','신현탁',120000,NULL,'67709-272678-213'),(195,540000,'2023-10-02 16:23:19.740000','입금','150-91452389-8',12,'https://tunkcalb.s3.ap-northeast-2.amazonaws.com/images/%ED%86%A0%EC%8A%A4.png','토스뱅크','신현탁',50000,NULL,'67709-272678-213'),(196,490000,'2023-10-02 16:23:42.479000','출금','150-91452389-8',12,'https://tunkcalb.s3.ap-northeast-2.amazonaws.com/images/%ED%86%A0%EC%8A%A4.png','토스뱅크','신현탁',50000,NULL,'67709-272678-213'),(197,40000,'2023-10-02 16:24:00.162000','출금','150-91452389-8',12,'https://tunkcalb.s3.ap-northeast-2.amazonaws.com/images/%ED%86%A0%EC%8A%A4.png','토스뱅크','신현탁',450000,NULL,'67709-272678-213'),(198,490000,'2023-10-02 16:24:26.281000','입금','150-91452389-8',12,'https://tunkcalb.s3.ap-northeast-2.amazonaws.com/images/%ED%86%A0%EC%8A%A4.png','토스뱅크','신현탁',450000,NULL,'67709-272678-213'),(199,40000,'2023-10-02 16:24:48.152000','출금','150-91452389-8',12,'https://tunkcalb.s3.ap-northeast-2.amazonaws.com/images/%ED%86%A0%EC%8A%A4.png','토스뱅크','신현탁',450000,NULL,'67709-272678-213'),(200,490000,'2023-10-02 16:39:37.686000','입금','150-91452389-8',12,'https://tunkcalb.s3.ap-northeast-2.amazonaws.com/images/%ED%86%A0%EC%8A%A4.png','토스뱅크','신현탁',450000,NULL,'67709-272678-213'),(201,40000,'2023-10-02 16:39:54.244000','출금','150-91452389-8',12,'https://tunkcalb.s3.ap-northeast-2.amazonaws.com/images/%ED%86%A0%EC%8A%A4.png','토스뱅크','신현탁',450000,NULL,'67709-272678-213'),(202,490000,'2023-10-03 09:14:49.249000','입금','150-91452389-8',12,'https://tunkcalb.s3.ap-northeast-2.amazonaws.com/images/%ED%86%A0%EC%8A%A4.png','토스뱅크','신현탁',450000,NULL,'67709-272678-213'),(203,40000,'2023-10-03 09:15:13.804000','출금','150-91452389-8',12,'https://tunkcalb.s3.ap-northeast-2.amazonaws.com/images/%ED%86%A0%EC%8A%A4.png','토스뱅크','신현탁',450000,NULL,'67709-272678-213'),(204,490000,'2023-10-03 09:16:00.988000','입금','150-91452389-8',12,'https://tunkcalb.s3.ap-northeast-2.amazonaws.com/images/%ED%86%A0%EC%8A%A4.png','토스뱅크','신현탁',450000,NULL,'67709-272678-213'),(205,40000,'2023-10-03 09:16:17.551000','출금','150-91452389-8',12,'https://tunkcalb.s3.ap-northeast-2.amazonaws.com/images/%ED%86%A0%EC%8A%A4.png','토스뱅크','신현탁',450000,NULL,'67709-272678-213'),(206,490000,'2023-10-03 09:16:43.632000','입금','150-91452389-8',12,'https://tunkcalb.s3.ap-northeast-2.amazonaws.com/images/%ED%86%A0%EC%8A%A4.png','토스뱅크','신현탁',450000,NULL,'67709-272678-213'),(207,40000,'2023-10-03 09:17:08.181000','출금','150-91452389-8',12,'https://tunkcalb.s3.ap-northeast-2.amazonaws.com/images/%ED%86%A0%EC%8A%A4.png','토스뱅크','신현탁',450000,NULL,'67709-272678-213'),(208,490000,'2023-10-03 09:17:50.746000','입금','150-91452389-8',12,'https://tunkcalb.s3.ap-northeast-2.amazonaws.com/images/%ED%86%A0%EC%8A%A4.png','토스뱅크','신현탁',450000,NULL,'67709-272678-213'),(209,40000,'2023-10-03 09:18:13.457000','출금','150-91452389-8',12,'https://tunkcalb.s3.ap-northeast-2.amazonaws.com/images/%ED%86%A0%EC%8A%A4.png','토스뱅크','신현탁',450000,NULL,'67709-272678-213'),(210,490000,'2023-10-03 09:19:18.793000','입금','150-91452389-8',12,'https://tunkcalb.s3.ap-northeast-2.amazonaws.com/images/%ED%86%A0%EC%8A%A4.png','토스뱅크','신현탁',450000,NULL,'67709-272678-213'),(211,40000,'2023-10-03 09:19:43.235000','출금','150-91452389-8',12,'https://tunkcalb.s3.ap-northeast-2.amazonaws.com/images/%ED%86%A0%EC%8A%A4.png','토스뱅크','신현탁',450000,NULL,'67709-272678-213'),(212,540000,'2023-10-03 09:20:10.798000','입금','150-91452389-8',12,'https://tunkcalb.s3.ap-northeast-2.amazonaws.com/images/%ED%86%A0%EC%8A%A4.png','토스뱅크','신현탁',500000,NULL,'67709-272678-213'),(213,1259940,'2023-10-03 13:20:20.713000','입금','690-13-707135-3',4,'https://tunkcalb.s3.ap-northeast-2.amazonaws.com/images/%EA%B8%B0%EC%97%85.png','기업','김정희',3940,NULL,'26874-305565-996'),(214,1192940,'2023-10-04 02:42:19.214000','출금','150-91452389-8',12,'https://tunkcalb.s3.ap-northeast-2.amazonaws.com/images/%ED%86%A0%EC%8A%A4.png','토스뱅크','신현탁',67000,NULL,'26874-305565-996'),(215,1125940,'2023-10-04 02:46:16.142000','출금','150-91452389-8',12,'https://tunkcalb.s3.ap-northeast-2.amazonaws.com/images/%ED%86%A0%EC%8A%A4.png','토스뱅크','신현탁',67000,78,'26874-305565-996'),(217,0,'2023-10-04 03:45:53.080000','출금','31942-202934-614',106,'https://s3-hotsix.s3.ap-northeast-2.amazonaws.com/images/%ED%95%80%EB%B3%BC.png','핀볼','핫식스더킹제로',1300,NULL,'02811-587248-619'),(218,510000,'2023-10-04 06:57:13.497000','출금','12345-123456-123',106,'https://s3-hotsix.s3.ap-northeast-2.amazonaws.com/images/%ED%95%80%EB%B3%BC.png','핀볼','두둥탁',30000,NULL,'67709-272678-213'),(219,500000,'2023-10-04 06:59:15.899000','출금','12345-123456-123',106,'https://s3-hotsix.s3.ap-northeast-2.amazonaws.com/images/%ED%95%80%EB%B3%BC.png','핀볼','두둥탁',10000,NULL,'67709-272678-213'),(220,490000,'2023-10-04 07:01:10.815000','출금','12345-123456-123',106,'https://s3-hotsix.s3.ap-northeast-2.amazonaws.com/images/%ED%95%80%EB%B3%BC.png','핀볼','두둥탁',10000,NULL,'67709-272678-213'),(221,1365940,'2023-10-04 07:24:50.655000','입금','690-13-707135-3',4,'https://tunkcalb.s3.ap-northeast-2.amazonaws.com/images/%EA%B8%B0%EC%97%85.png','기업','김정희',240000,NULL,'26874-305565-996'),(222,1298940,'2023-10-04 07:26:45.963000','출금','150-91452389-8',12,'https://tunkcalb.s3.ap-northeast-2.amazonaws.com/images/%ED%86%A0%EC%8A%A4.png','토스뱅크','신현탁',67000,77,'26874-305565-996'),(223,19811889,'2023-10-04 08:59:29.165000','출금','3004-137-620134',7,'https://tunkcalb.s3.ap-northeast-2.amazonaws.com/images/%EC%9A%B0%EB%A6%AC.png','우리','하성호',11111,NULL,'49231-264433-763'),(224,19810778,'2023-10-04 08:59:44.393000','출금','3004-137-620134',7,'https://tunkcalb.s3.ap-northeast-2.amazonaws.com/images/%EC%9A%B0%EB%A6%AC.png','우리','하성호',1111,94,'49231-264433-763'),(225,19790778,'2023-10-04 11:41:43.744000','출금','3004-137-620134',7,'https://tunkcalb.s3.ap-northeast-2.amazonaws.com/images/%EC%9A%B0%EB%A6%AC.png','우리','하성호',20000,94,'49231-264433-763'),(226,19790779,'2023-10-04 11:53:52.706000','입금','3004-137-620134',7,'https://tunkcalb.s3.ap-northeast-2.amazonaws.com/images/%EC%9A%B0%EB%A6%AC.png','우리','하성호',1,NULL,'49231-264433-763'),(227,450000,'2023-10-04 12:45:17.986000','출금','150-91452389-8',12,'https://tunkcalb.s3.ap-northeast-2.amazonaws.com/images/%ED%86%A0%EC%8A%A4.png','토스뱅크','신현탁',40000,NULL,'67709-272678-213'),(228,410000,'2023-10-04 12:45:52.747000','출금','150-91452389-8',12,'https://tunkcalb.s3.ap-northeast-2.amazonaws.com/images/%ED%86%A0%EC%8A%A4.png','토스뱅크','신현탁',40000,NULL,'67709-272678-213'),(229,370000,'2023-10-04 12:46:23.334000','출금','150-91452389-8',12,'https://tunkcalb.s3.ap-northeast-2.amazonaws.com/images/%ED%86%A0%EC%8A%A4.png','토스뱅크','신현탁',40000,NULL,'67709-272678-213'),(230,360000,'2023-10-04 13:16:53.508000','출금','12345-123456-123',106,'https://s3-hotsix.s3.ap-northeast-2.amazonaws.com/images/%ED%95%80%EB%B3%BC.png','핀볼','두둥탁',10000,NULL,'67709-272678-213'),(231,350000,'2023-10-04 13:39:02.251000','출금','150-91452389-8',12,'https://tunkcalb.s3.ap-northeast-2.amazonaws.com/images/%ED%86%A0%EC%8A%A4.png','토스뱅크','신현탁',10000,NULL,'67709-272678-213'),(232,2135000,'2023-10-04 13:40:43.636000','출금','3004-137-620134',7,'https://tunkcalb.s3.ap-northeast-2.amazonaws.com/images/%EC%9A%B0%EB%A6%AC.png','우리','하성호',5000,NULL,'49231-264433-763'),(233,340000,'2023-10-04 13:50:43.707000','출금','150-91452389-8',12,'https://tunkcalb.s3.ap-northeast-2.amazonaws.com/images/%ED%86%A0%EC%8A%A4.png','토스뱅크','신현탁',10000,NULL,'67709-272678-213'),(234,2132778,'2023-10-04 13:54:59.220000','출금','3004-137-620134',7,'https://tunkcalb.s3.ap-northeast-2.amazonaws.com/images/%EC%9A%B0%EB%A6%AC.png','우리','첫급여 우리통장',2222,NULL,'49231-264433-763'),(235,2133889,'2023-10-04 13:58:27.283000','입금','3004-137-620134',7,'https://tunkcalb.s3.ap-northeast-2.amazonaws.com/images/%EC%9A%B0%EB%A6%AC.png','우리','하성호',1111,NULL,'49231-264433-763'),(236,2352778,'2023-10-04 14:07:07.954000','출금','14927-297307-278',106,'https://s3-hotsix.s3.ap-northeast-2.amazonaws.com/images/%ED%95%80%EB%B3%BC.png','핀볼','핫식스더킹제로파이널',1111,NULL,'49231-264433-763'),(237,1298940,'2023-10-04 14:18:40.511000','입금','690-13-707135-3',4,'https://tunkcalb.s3.ap-northeast-2.amazonaws.com/images/%EA%B8%B0%EC%97%85.png','기업','김정희',20000,NULL,'26874-305565-996'),(238,540000,'2023-10-04 14:37:58.092000','입금','150-91452389-8',12,'https://tunkcalb.s3.ap-northeast-2.amazonaws.com/images/%ED%86%A0%EC%8A%A4.png','토스뱅크','신현탁',200000,NULL,'67709-272678-213'),(239,640000,'2023-10-04 14:54:35.876000','입금','150-91452389-8',12,'https://tunkcalb.s3.ap-northeast-2.amazonaws.com/images/%ED%86%A0%EC%8A%A4.png','토스뱅크','신현탁',100000,NULL,'67709-272678-213'),(240,590000,'2023-10-04 14:54:52.513000','출금','150-91452389-8',12,'https://tunkcalb.s3.ap-northeast-2.amazonaws.com/images/%ED%86%A0%EC%8A%A4.png','토스뱅크','신현탁',50000,NULL,'67709-272678-213'),(241,540000,'2023-10-04 15:03:19.886000','출금','150-91452389-8',12,'https://tunkcalb.s3.ap-northeast-2.amazonaws.com/images/%ED%86%A0%EC%8A%A4.png','토스뱅크','신현탁',50000,NULL,'67709-272678-213'),(242,530000,'2023-10-04 15:09:26.661000','출금','150-91452389-8',12,'https://tunkcalb.s3.ap-northeast-2.amazonaws.com/images/%ED%86%A0%EC%8A%A4.png','토스뱅크','신현탁',10000,NULL,'67709-272678-213'),(243,680000,'2023-10-04 15:10:24.115000','입금','150-91452389-8',12,'https://tunkcalb.s3.ap-northeast-2.amazonaws.com/images/%ED%86%A0%EC%8A%A4.png','토스뱅크','신현탁',150000,NULL,'67709-272678-213'),(244,580000,'2023-10-04 15:12:02.324000','출금','150-91452389-8',12,'https://tunkcalb.s3.ap-northeast-2.amazonaws.com/images/%ED%86%A0%EC%8A%A4.png','토스뱅크','신현탁',100000,NULL,'67709-272678-213'),(245,570000,'2023-10-04 15:13:18.197000','출금','83283-552164-720',106,'https://s3-hotsix.s3.ap-northeast-2.amazonaws.com/images/%ED%95%80%EB%B3%BC.png','핀볼','테스트',10000,NULL,'67709-272678-213'),(246,550000,'2023-10-04 15:14:05.146000','출금','12345-123456-123',106,'https://s3-hotsix.s3.ap-northeast-2.amazonaws.com/images/%ED%95%80%EB%B3%BC.png','핀볼','두둥탁',20000,NULL,'67709-272678-213'),(247,560000,'2023-10-04 15:37:44.139000','입금','150-91452389-8',12,'https://tunkcalb.s3.ap-northeast-2.amazonaws.com/images/%ED%86%A0%EC%8A%A4.png','토스뱅크','신현탁',10000,NULL,'67709-272678-213'),(248,39000,'2023-10-04 16:23:29.502000','출금','31942-202934-614',106,'https://s3-hotsix.s3.ap-northeast-2.amazonaws.com/images/%ED%95%80%EB%B3%BC.png','핀볼','핫식스더킹제로',1000,NULL,'02811-587248-619'),(249,37000,'2023-10-04 16:24:52.928000','출금','31942-202934-614',106,'https://s3-hotsix.s3.ap-northeast-2.amazonaws.com/images/%ED%95%80%EB%B3%BC.png','핀볼','핫식스더킹제로',2000,NULL,'02811-587248-619'),(250,36000,'2023-10-04 16:28:58.451000','출금','31942-202934-614',106,'https://s3-hotsix.s3.ap-northeast-2.amazonaws.com/images/%ED%95%80%EB%B3%BC.png','핀볼','핫식스더킹제로',1000,NULL,'02811-587248-619'),(251,35000,'2023-10-04 16:29:53.330000','출금','31942-202934-614',106,'https://s3-hotsix.s3.ap-northeast-2.amazonaws.com/images/%ED%95%80%EB%B3%BC.png','핀볼','핫식스더킹제로',1000,NULL,'02811-587248-619'),(252,34000,'2023-10-04 16:34:41.642000','출금','31942-202934-614',106,'https://s3-hotsix.s3.ap-northeast-2.amazonaws.com/images/%ED%95%80%EB%B3%BC.png','핀볼','핫식스더킹제로',1000,NULL,'02811-587248-619'),(253,1231940,'2023-10-04 16:36:40.994000','출금','150-91452389-8',12,'https://tunkcalb.s3.ap-northeast-2.amazonaws.com/images/%ED%86%A0%EC%8A%A4.png','토스뱅크','신현탁',67000,NULL,'26874-305565-996'),(254,1164940,'2023-10-04 16:36:41.795000','출금','150-91452389-8',12,'https://tunkcalb.s3.ap-northeast-2.amazonaws.com/images/%ED%86%A0%EC%8A%A4.png','토스뱅크','신현탁',67000,NULL,'26874-305565-996'),(255,33000,'2023-10-04 16:39:48.766000','출금','31942-202934-614',106,'https://s3-hotsix.s3.ap-northeast-2.amazonaws.com/images/%ED%95%80%EB%B3%BC.png','핀볼','핫식스더킹제로',1000,NULL,'02811-587248-619'),(256,32000,'2023-10-04 16:40:04.883000','출금','31942-202934-614',106,'https://s3-hotsix.s3.ap-northeast-2.amazonaws.com/images/%ED%95%80%EB%B3%BC.png','핀볼','핫식스더킹제로',1000,NULL,'02811-587248-619'),(257,31000,'2023-10-04 16:40:56.979000','출금','31942-202934-614',106,'https://s3-hotsix.s3.ap-northeast-2.amazonaws.com/images/%ED%95%80%EB%B3%BC.png','핀볼','핫식스더킹제로',1000,NULL,'02811-587248-619'),(258,30000,'2023-10-04 16:43:44.645000','출금','31942-202934-614',106,'https://s3-hotsix.s3.ap-northeast-2.amazonaws.com/images/%ED%95%80%EB%B3%BC.png','핀볼','핫식스더킹제로',1000,NULL,'02811-587248-619'),(259,28000,'2023-10-04 16:44:23.290000','출금','31942-202934-614',106,'https://s3-hotsix.s3.ap-northeast-2.amazonaws.com/images/%ED%95%80%EB%B3%BC.png','핀볼','핫식스더킹제로',2000,NULL,'02811-587248-619'),(260,25000,'2023-10-04 16:48:47.895000','출금','31942-202934-614',106,'https://s3-hotsix.s3.ap-northeast-2.amazonaws.com/images/%ED%95%80%EB%B3%BC.png','핀볼','핫식스더킹제로',3000,NULL,'02811-587248-619'),(261,1194940,'2023-10-04 16:50:55.042000','입금','590-06-09925-2',5,'https://tunkcalb.s3.ap-northeast-2.amazonaws.com/images/%EB%86%8D%ED%98%91.png','농협','김정희',30000,NULL,'26874-305565-996'),(262,83000,'2023-10-05 01:16:14.343000','출금','150-91452389-8',12,'https://tunkcalb.s3.ap-northeast-2.amazonaws.com/images/%ED%86%A0%EC%8A%A4.png','토스뱅크','신현탁',67000,NULL,'95904-456091-252'),(263,260000,'2023-10-05 01:26:07.431000','출금','12345-123456-123',106,'https://s3-hotsix.s3.ap-northeast-2.amazonaws.com/images/%ED%95%80%EB%B3%BC.png','핀볼','두둥탁',300000,NULL,'67709-272678-213'),(264,210000,'2023-10-05 01:37:11.620000','출금','63657-758475-130',106,'https://s3-hotsix.s3.ap-northeast-2.amazonaws.com/images/%ED%95%80%EB%B3%BC.png','핀볼','Test',50000,NULL,'67709-272678-213'),(265,2302778,'2023-10-05 01:39:32.080000','출금','63657-758475-130',106,'https://s3-hotsix.s3.ap-northeast-2.amazonaws.com/images/%ED%95%80%EB%B3%BC.png','핀볼','Test',50000,NULL,'49231-264433-763'),(266,2282778,'2023-10-05 01:41:56.387000','출금','63657-758475-130',106,'https://s3-hotsix.s3.ap-northeast-2.amazonaws.com/images/%ED%95%80%EB%B3%BC.png','핀볼','Test',20000,NULL,'49231-264433-763'),(267,200000,'2023-10-05 01:46:18.401000','출금','12345-123456-123',106,'https://s3-hotsix.s3.ap-northeast-2.amazonaws.com/images/%ED%95%80%EB%B3%BC.png','핀볼','두둥탁',10000,NULL,'67709-272678-213'),(268,1127940,'2023-10-05 01:54:30.099000','출금','150-91452389-8',12,'https://tunkcalb.s3.ap-northeast-2.amazonaws.com/images/%ED%86%A0%EC%8A%A4.png','토스뱅크','신현탁',67000,NULL,'26874-305565-996'),(269,16000,'2023-10-05 02:04:51.402000','출금','150-91452389-8',12,'https://tunkcalb.s3.ap-northeast-2.amazonaws.com/images/%ED%86%A0%EC%8A%A4.png','토스뱅크','신현탁',67000,NULL,'95904-456091-252'),(270,2272778,'2023-10-05 02:22:18.004000','출금','63657-758475-130',106,'https://s3-hotsix.s3.ap-northeast-2.amazonaws.com/images/%ED%95%80%EB%B3%BC.png','핀볼','Test',10000,NULL,'49231-264433-763'),(271,2262778,'2023-10-05 02:22:37.525000','출금','63657-758475-130',106,'https://s3-hotsix.s3.ap-northeast-2.amazonaws.com/images/%ED%95%80%EB%B3%BC.png','핀볼','Test',10000,NULL,'49231-264433-763'),(272,2252778,'2023-10-05 02:22:55.763000','출금','63657-758475-130',106,'https://s3-hotsix.s3.ap-northeast-2.amazonaws.com/images/%ED%95%80%EB%B3%BC.png','핀볼','Test',10000,NULL,'49231-264433-763'),(273,2242778,'2023-10-05 02:23:23.551000','출금','63657-758475-130',106,'https://s3-hotsix.s3.ap-northeast-2.amazonaws.com/images/%ED%95%80%EB%B3%BC.png','핀볼','Test',10000,NULL,'49231-264433-763'),(274,2232778,'2023-10-05 02:23:48.499000','출금','63657-758475-130',106,'https://s3-hotsix.s3.ap-northeast-2.amazonaws.com/images/%ED%95%80%EB%B3%BC.png','핀볼','Test',10000,NULL,'49231-264433-763'),(275,2222778,'2023-10-05 02:36:32.129000','출금','63657-758475-130',106,'https://s3-hotsix.s3.ap-northeast-2.amazonaws.com/images/%ED%95%80%EB%B3%BC.png','핀볼','Test',10000,NULL,'49231-264433-763'),(276,2217778,'2023-10-05 02:36:52.686000','출금','63657-758475-130',106,'https://s3-hotsix.s3.ap-northeast-2.amazonaws.com/images/%ED%95%80%EB%B3%BC.png','핀볼','Test',5000,NULL,'49231-264433-763'),(277,2212778,'2023-10-05 02:41:57.273000','출금','63657-758475-130',106,'https://s3-hotsix.s3.ap-northeast-2.amazonaws.com/images/%ED%95%80%EB%B3%BC.png','핀볼','Test',5000,NULL,'49231-264433-763'),(278,2207778,'2023-10-05 02:43:21.946000','출금','63657-758475-130',106,'https://s3-hotsix.s3.ap-northeast-2.amazonaws.com/images/%ED%95%80%EB%B3%BC.png','핀볼','Test',5000,NULL,'49231-264433-763'),(279,2202778,'2023-10-05 02:50:02.782000','출금','63657-758475-130',106,'https://s3-hotsix.s3.ap-northeast-2.amazonaws.com/images/%ED%95%80%EB%B3%BC.png','핀볼','Test',5000,NULL,'49231-264433-763'),(280,2197778,'2023-10-05 02:53:12.755000','출금','63657-758475-130',106,'https://s3-hotsix.s3.ap-northeast-2.amazonaws.com/images/%ED%95%80%EB%B3%BC.png','핀볼','Test',5000,NULL,'49231-264433-763'),(281,2192778,'2023-10-05 02:53:42.930000','출금','63657-758475-130',106,'https://s3-hotsix.s3.ap-northeast-2.amazonaws.com/images/%ED%95%80%EB%B3%BC.png','핀볼','Test',5000,NULL,'49231-264433-763'),(282,2187778,'2023-10-05 02:55:56.961000','출금','63657-758475-130',106,'https://s3-hotsix.s3.ap-northeast-2.amazonaws.com/images/%ED%95%80%EB%B3%BC.png','핀볼','Test',5000,NULL,'49231-264433-763'),(283,2182778,'2023-10-05 02:56:23.099000','출금','63657-758475-130',106,'https://s3-hotsix.s3.ap-northeast-2.amazonaws.com/images/%ED%95%80%EB%B3%BC.png','핀볼','Test',5000,NULL,'49231-264433-763'),(284,-51000,'2023-10-05 03:09:25.861000','출금','150-91452389-8',12,'https://tunkcalb.s3.ap-northeast-2.amazonaws.com/images/%ED%86%A0%EC%8A%A4.png','토스뱅크','신현탁',67000,NULL,'95904-456091-252'),(285,500000,'2023-10-05 03:26:48.206000','출금','15272-149165-244',106,'https://s3-hotsix.s3.ap-northeast-2.amazonaws.com/images/%ED%95%80%EB%B3%BC.png','핀볼','자자드가자',50000,NULL,'95904-456091-252');
/*!40000 ALTER TABLE `fin_ball_history` ENABLE KEYS */;
UNLOCK TABLES;

--
-- Table structure for table `group_account`
--

DROP TABLE IF EXISTS `group_account`;
/*!40101 SET @saved_cs_client     = @@character_set_client */;
/*!50503 SET character_set_client = utf8mb4 */;
CREATE TABLE `group_account` (
  `account_no` varchar(255) NOT NULL,
  `balance` bigint DEFAULT NULL,
  `closed_at` datetime(6) DEFAULT NULL,
  `created_at` datetime(6) DEFAULT NULL,
  `game_type` varchar(255) DEFAULT NULL,
  `name` varchar(255) DEFAULT NULL,
  `origin_no` varchar(255) DEFAULT NULL,
  `refresh_at` datetime(6) DEFAULT NULL,
  `url` varchar(255) DEFAULT NULL,
  `valid` bit(1) DEFAULT NULL,
  `member_id` bigint DEFAULT NULL,
  PRIMARY KEY (`account_no`),
  KEY `FKdoeuxafv4for8eegwy89n2rin` (`member_id`),
  CONSTRAINT `FKdoeuxafv4for8eegwy89n2rin` FOREIGN KEY (`member_id`) REFERENCES `member` (`id`)
) ENGINE=InnoDB DEFAULT CHARSET=utf8mb4 COLLATE=utf8mb4_0900_ai_ci;
/*!40101 SET character_set_client = @saved_cs_client */;

--
-- Dumping data for table `group_account`
--

LOCK TABLES `group_account` WRITE;
/*!40000 ALTER TABLE `group_account` DISABLE KEYS */;
INSERT INTO `group_account` VALUES ('06628-872051-192',0,NULL,NULL,'핀볼이체','청춘은 바로 지금2','06628872051192','2023-09-27 00:00:15.379000','88739deb-b117-43d9-b72d-6bf4523f9f07',_binary '',2),('11044-067717-479',200000,NULL,NULL,'핀볼이체','김정희','11044067717479','2023-10-03 13:27:17.613000','8fcfdf9d-1908-4fba-ab02-2b7c8f6ac69e',_binary '',1),('12345-123456-123',340000,NULL,NULL,'핀볼이체','두둥탁','12345123456123','2023-09-26 23:59:49.452000','b1daca88-c602-4f00-9avc-231276c9ae88',_binary '',6),('14927-297307-278',70311,NULL,NULL,'핀볼이체','핫식스더킹제로파이널','14927297307278','2023-09-26 15:33:05.431000','154177f0-bcc2-4fb7-8ceb-4c3101ef533e',_binary '',2),('15272-149165-244',30000,NULL,NULL,NULL,'자자드가자','15272149165244','2023-10-04 15:56:10.383000','99e7205b-3058-4e20-a12c-f64c011addc6',_binary '',3),('29836-394435-200',0,NULL,NULL,'핀볼이체','핫식스더킹제로URL','29836394435200','2023-09-29 08:59:06.224000','e9b0286c-9ca4-415d-9941-55992dabfae5',_binary '',2),('31942-202934-614',303299,NULL,NULL,'핀볼이체','핫식스더킹제로','31942202934614','2023-09-25 15:27:13.172000','738e14c7-28a3-4e9d-b43f-eac286510faa',_binary '',5),('39619-607024-598',0,NULL,NULL,'핀볼이체','핀볼','39619607024598','2023-10-01 05:16:23.219000','1c9a3636-719d-4e14-a42b-874506c6475e',_binary '',20),('54691-699334-356',-10000,NULL,NULL,'핀볼이체','서정희','54691699334356','2023-10-03 12:46:27.121000','ba876e49-5511-4cae-b368-b19d750ef994',_binary '',3),('63657-758475-130',220000,NULL,NULL,NULL,'Test','63657758475130','2023-10-05 01:36:43.145000','6b07dfd7-747f-4de3-8429-000317325fac',_binary '',6),('82222-533069-181',0,NULL,NULL,'핀볼이체','어린콩의모임통장','82222533069181','2023-09-29 06:19:42.261000','b5bc0abe-eda4-40b8-9913-d137171e7fc4',_binary '',15),('83283-552164-720',10000,NULL,NULL,NULL,'테스트','83283552164720','2023-10-04 08:56:02.841000','2af17caa-bdf1-4141-9010-154513a46b50',_binary '',6),('84372-269105-376',0,NULL,NULL,'핀볼이체','어린콩의모임통장','84372269105376','2023-09-29 06:19:11.472000','b29bf0fd-3c74-45ed-9aec-dcffd7b05d6a',_binary '',15),('94546-345487-739',0,NULL,NULL,'핀볼이체','모임통장테스트','94546345487739','2023-09-29 06:21:48.654000','707eb338-cd56-4fe1-b70d-443dd625a122',_binary '',15),('97284-087924-706',9988,NULL,NULL,'핀볼이체','청춘은바로지금','97284087924706','2023-09-26 23:59:49.452000','b3dacd88-c602-4f00-9aec-232676c9ae17',_binary '',2);
/*!40000 ALTER TABLE `group_account` ENABLE KEYS */;
UNLOCK TABLES;

--
-- Table structure for table `group_account_history`
--

DROP TABLE IF EXISTS `group_account_history`;
/*!40101 SET @saved_cs_client     = @@character_set_client */;
/*!50503 SET character_set_client = utf8mb4 */;
CREATE TABLE `group_account_history` (
  `id` bigint NOT NULL AUTO_INCREMENT,
  `balance` bigint DEFAULT NULL,
  `deal_at` datetime(6) DEFAULT NULL,
  `deal_type` varchar(255) DEFAULT NULL,
  `op_account_no` varchar(255) DEFAULT NULL,
  `op_bank_cp_code` bigint DEFAULT NULL,
  `op_bank_cp_logo` varchar(255) DEFAULT NULL,
  `op_bank_cp_name` varchar(255) DEFAULT NULL,
  `target` varchar(255) DEFAULT NULL,
  `value` bigint DEFAULT NULL,
  `group_account_account_no` varchar(255) DEFAULT NULL,
  `date` datetime(6) DEFAULT NULL,
  PRIMARY KEY (`id`),
  KEY `FKlv4kxxwj5cu7ggpip8kc8dxaw` (`group_account_account_no`),
  CONSTRAINT `FKlv4kxxwj5cu7ggpip8kc8dxaw` FOREIGN KEY (`group_account_account_no`) REFERENCES `group_account` (`account_no`)
) ENGINE=InnoDB AUTO_INCREMENT=255 DEFAULT CHARSET=utf8mb4 COLLATE=utf8mb4_0900_ai_ci;
/*!40101 SET character_set_client = @saved_cs_client */;

--
-- Dumping data for table `group_account_history`
--

LOCK TABLES `group_account_history` WRITE;
/*!40000 ALTER TABLE `group_account_history` DISABLE KEYS */;
INSERT INTO `group_account_history` VALUES (14,24000,NULL,'입금','02811-587248-619',106,'https://s3-hotsix.s3.ap-northeast-2.amazonaws.com/images/%ED%95%80%EB%B3%BC.png','핀볼','정현우',3000,'14927-297307-278','2023-09-27 02:14:37.868000'),(15,28000,NULL,'입금','02811-587248-619',106,'https://s3-hotsix.s3.ap-northeast-2.amazonaws.com/images/%ED%95%80%EB%B3%BC.png','핀볼','정현우',4000,'14927-297307-278','2023-09-27 02:14:42.950000'),(16,48000,NULL,'입금','02811-587248-619',106,'https://s3-hotsix.s3.ap-northeast-2.amazonaws.com/images/%ED%95%80%EB%B3%BC.png','핀볼','정현우',20000,'14927-297307-278','2023-09-27 02:14:48.586000'),(17,73200,NULL,'입금','02811-587248-619',106,'https://s3-hotsix.s3.ap-northeast-2.amazonaws.com/images/%ED%95%80%EB%B3%BC.png','핀볼','정현우',25200,'14927-297307-278','2023-09-27 02:14:56.082000'),(18,72200,NULL,'출금','49231-264433-763',106,'https://s3-hotsix.s3.ap-northeast-2.amazonaws.com/images/%ED%95%80%EB%B3%BC.png','핀볼','하성호',1000,'14927-297307-278','2023-09-27 02:29:54.659000'),(19,70200,NULL,'출금','49231-264433-763',106,'https://s3-hotsix.s3.ap-northeast-2.amazonaws.com/images/%ED%95%80%EB%B3%BC.png','핀볼','하성호',2000,'14927-297307-278','2023-09-27 02:30:00.147000'),(20,67200,NULL,'출금','49231-264433-763',106,'https://s3-hotsix.s3.ap-northeast-2.amazonaws.com/images/%ED%95%80%EB%B3%BC.png','핀볼','하성호',3000,'14927-297307-278','2023-09-27 02:30:04.152000'),(21,63200,NULL,'출금','49231-264433-763',106,'https://s3-hotsix.s3.ap-northeast-2.amazonaws.com/images/%ED%95%80%EB%B3%BC.png','핀볼','하성호',4000,'14927-297307-278','2023-09-27 02:30:07.945000'),(22,59200,NULL,'출금','49231-264433-763',106,'https://s3-hotsix.s3.ap-northeast-2.amazonaws.com/images/%ED%95%80%EB%B3%BC.png','핀볼','하성호',4000,'14927-297307-278','2023-09-27 02:30:23.971000'),(23,297000,NULL,'출금','0584-92-9502797-9',3,'https://tunkcalb.s3.ap-northeast-2.amazonaws.com/images/%EA%B5%AD%EB%AF%BC.png','국민','정영빈',3000,'31942-202934-614','2023-09-29 13:28:00.988000'),(24,293500,NULL,'출금','0584-92-9502797-9',3,'https://tunkcalb.s3.ap-northeast-2.amazonaws.com/images/%EA%B5%AD%EB%AF%BC.png','국민','정영빈',3500,'31942-202934-614','2023-09-29 13:35:05.488000'),(25,289999,NULL,'출금','0584-92-9502797-9',3,'https://tunkcalb.s3.ap-northeast-2.amazonaws.com/images/%EA%B5%AD%EB%AF%BC.png','국민','정영빈',3501,'31942-202934-614','2023-09-29 13:37:58.008000'),(26,9988,NULL,'출금','14927-297307-278',106,'https://s3-hotsix.s3.ap-northeast-2.amazonaws.com/images/%ED%95%80%EB%B3%BC.png','핀볼','핫식스더킹제로파이널',12,'97284-087924-706','2023-10-03 15:54:59.996000'),(27,291299,NULL,'입금','02811-587248-619',106,'https://s3-hotsix.s3.ap-northeast-2.amazonaws.com/images/%ED%95%80%EB%B3%BC.png','핀볼','정현우',1300,'31942-202934-614','2023-10-04 03:45:53.107000'),(28,50000,NULL,'출금','150-91452389-8',12,'https://tunkcalb.s3.ap-northeast-2.amazonaws.com/images/%ED%86%A0%EC%8A%A4.png','토스뱅크','신현탁',10000,'12345-123456-123','2023-10-04 06:54:08.184000'),(29,80000,NULL,'입금','67709-272678-213',106,'https://s3-hotsix.s3.ap-northeast-2.amazonaws.com/images/%ED%95%80%EB%B3%BC.png','핀볼','신현탁',30000,'12345-123456-123','2023-10-04 06:57:13.524000'),(30,70000,NULL,'출금','150-91452389-8',12,'https://tunkcalb.s3.ap-northeast-2.amazonaws.com/images/%ED%86%A0%EC%8A%A4.png','토스뱅크','신현탁',10000,'12345-123456-123','2023-10-04 06:57:32.289000'),(31,60000,NULL,'출금','150-91452389-8',12,'https://tunkcalb.s3.ap-northeast-2.amazonaws.com/images/%ED%86%A0%EC%8A%A4.png','토스뱅크','신현탁',10000,'12345-123456-123','2023-10-04 06:58:08.191000'),(32,70000,NULL,'입금','67709-272678-213',106,'https://s3-hotsix.s3.ap-northeast-2.amazonaws.com/images/%ED%95%80%EB%B3%BC.png','핀볼','신현탁',10000,'12345-123456-123','2023-10-04 06:59:15.925000'),(33,60000,NULL,'출금','150-91452389-8',12,'https://tunkcalb.s3.ap-northeast-2.amazonaws.com/images/%ED%86%A0%EC%8A%A4.png','토스뱅크','신현탁',10000,'12345-123456-123','2023-10-04 06:59:59.832000'),(34,70000,NULL,'입금','67709-272678-213',106,'https://s3-hotsix.s3.ap-northeast-2.amazonaws.com/images/%ED%95%80%EB%B3%BC.png','핀볼','신현탁',10000,'12345-123456-123','2023-10-04 07:01:10.840000'),(35,60000,NULL,'출금','150-91452389-8',12,'https://tunkcalb.s3.ap-northeast-2.amazonaws.com/images/%ED%86%A0%EC%8A%A4.png','토스뱅크','신현탁',10000,'12345-123456-123','2023-10-04 07:01:27.969000'),(36,50000,NULL,'출금','150-91452389-8',12,'https://tunkcalb.s3.ap-northeast-2.amazonaws.com/images/%ED%86%A0%EC%8A%A4.png','토스뱅크','신현탁',10000,'12345-123456-123','2023-10-04 07:58:57.754000'),(37,-950000,NULL,'출금','150-91452389-8',12,'https://tunkcalb.s3.ap-northeast-2.amazonaws.com/images/%ED%86%A0%EC%8A%A4.png','토스뱅크','신현탁',1000000,'12345-123456-123','2023-10-04 08:00:36.718000'),(38,50000,NULL,'입금','150-91452389-8',12,'https://tunkcalb.s3.ap-northeast-2.amazonaws.com/images/%ED%86%A0%EC%8A%A4.png','토스뱅크','신현탁',1000000,'12345-123456-123','2023-10-04 08:01:25.666000'),(39,40000,NULL,'출금','150-91452389-8',12,'https://tunkcalb.s3.ap-northeast-2.amazonaws.com/images/%ED%86%A0%EC%8A%A4.png','토스뱅크','신현탁',10000,'12345-123456-123','2023-10-04 08:02:24.577000'),(40,60000,NULL,'입금','150-91452389-8',12,'https://tunkcalb.s3.ap-northeast-2.amazonaws.com/images/%ED%86%A0%EC%8A%A4.png','토스뱅크','신현탁',20000,'12345-123456-123','2023-10-04 08:03:51.863000'),(41,50000,NULL,'출금','150-91452389-8',12,'https://tunkcalb.s3.ap-northeast-2.amazonaws.com/images/%ED%86%A0%EC%8A%A4.png','토스뱅크','신현탁',10000,'12345-123456-123','2023-10-04 08:04:07.378000'),(42,40000,NULL,'출금','150-91452389-8',12,'https://tunkcalb.s3.ap-northeast-2.amazonaws.com/images/%ED%86%A0%EC%8A%A4.png','토스뱅크','신현탁',10000,'12345-123456-123','2023-10-04 08:08:34.797000'),(43,30000,NULL,'출금','150-91452389-8',12,'https://tunkcalb.s3.ap-northeast-2.amazonaws.com/images/%ED%86%A0%EC%8A%A4.png','토스뱅크','신현탁',10000,'12345-123456-123','2023-10-04 08:10:27.153000'),(44,20000,NULL,'출금','150-91452389-8',12,'https://tunkcalb.s3.ap-northeast-2.amazonaws.com/images/%ED%86%A0%EC%8A%A4.png','토스뱅크','신현탁',10000,'12345-123456-123','2023-10-04 08:11:57.059000'),(45,60000,NULL,'입금','150-91452389-8',12,'https://tunkcalb.s3.ap-northeast-2.amazonaws.com/images/%ED%86%A0%EC%8A%A4.png','토스뱅크','신현탁',40000,'12345-123456-123','2023-10-04 08:12:18.590000'),(46,50000,NULL,'출금','150-91452389-8',12,'https://tunkcalb.s3.ap-northeast-2.amazonaws.com/images/%ED%86%A0%EC%8A%A4.png','토스뱅크','신현탁',10000,'12345-123456-123','2023-10-04 08:12:34.735000'),(47,40000,NULL,'출금','150-91452389-8',12,'https://tunkcalb.s3.ap-northeast-2.amazonaws.com/images/%ED%86%A0%EC%8A%A4.png','토스뱅크','신현탁',10000,'12345-123456-123','2023-10-04 08:14:15.859000'),(48,30000,NULL,'출금','150-91452389-8',12,'https://tunkcalb.s3.ap-northeast-2.amazonaws.com/images/%ED%86%A0%EC%8A%A4.png','토스뱅크','신현탁',10000,'12345-123456-123','2023-10-04 08:16:00.554000'),(49,20000,NULL,'출금','150-91452389-8',12,'https://tunkcalb.s3.ap-northeast-2.amazonaws.com/images/%ED%86%A0%EC%8A%A4.png','토스뱅크','신현탁',10000,'12345-123456-123','2023-10-04 08:17:14.550000'),(50,80000,NULL,'입금','150-91452389-8',12,'https://tunkcalb.s3.ap-northeast-2.amazonaws.com/images/%ED%86%A0%EC%8A%A4.png','토스뱅크','신현탁',60000,'12345-123456-123','2023-10-04 08:17:58.737000'),(51,70000,NULL,'출금','150-91452389-8',12,'https://tunkcalb.s3.ap-northeast-2.amazonaws.com/images/%ED%86%A0%EC%8A%A4.png','토스뱅크','신현탁',10000,'12345-123456-123','2023-10-04 08:18:12.872000'),(52,60000,NULL,'출금','150-91452389-8',12,'https://tunkcalb.s3.ap-northeast-2.amazonaws.com/images/%ED%86%A0%EC%8A%A4.png','토스뱅크','신현탁',10000,'12345-123456-123','2023-10-04 08:19:29.109000'),(53,50000,NULL,'출금','150-91452389-8',12,'https://tunkcalb.s3.ap-northeast-2.amazonaws.com/images/%ED%86%A0%EC%8A%A4.png','토스뱅크','신현탁',10000,'12345-123456-123','2023-10-04 08:20:11.007000'),(54,40000,NULL,'출금','150-91452389-8',12,'https://tunkcalb.s3.ap-northeast-2.amazonaws.com/images/%ED%86%A0%EC%8A%A4.png','토스뱅크','신현탁',10000,'12345-123456-123','2023-10-04 08:23:09.087000'),(55,30000,NULL,'출금','150-91452389-8',12,'https://tunkcalb.s3.ap-northeast-2.amazonaws.com/images/%ED%86%A0%EC%8A%A4.png','토스뱅크','신현탁',10000,'12345-123456-123','2023-10-04 08:25:27.464000'),(56,20000,NULL,'출금','150-91452389-8',12,'https://tunkcalb.s3.ap-northeast-2.amazonaws.com/images/%ED%86%A0%EC%8A%A4.png','토스뱅크','신현탁',10000,'12345-123456-123','2023-10-04 08:28:12.097000'),(57,70000,NULL,'입금','150-91452389-8',12,'https://tunkcalb.s3.ap-northeast-2.amazonaws.com/images/%ED%86%A0%EC%8A%A4.png','토스뱅크','신현탁',50000,'12345-123456-123','2023-10-04 08:29:23.658000'),(58,60000,NULL,'출금','150-91452389-8',12,'https://tunkcalb.s3.ap-northeast-2.amazonaws.com/images/%ED%86%A0%EC%8A%A4.png','토스뱅크','신현탁',10000,'12345-123456-123','2023-10-04 08:29:39.167000'),(59,50000,NULL,'출금','150-91452389-8',12,'https://tunkcalb.s3.ap-northeast-2.amazonaws.com/images/%ED%86%A0%EC%8A%A4.png','토스뱅크','신현탁',10000,'12345-123456-123','2023-10-04 08:33:17.615000'),(60,40000,NULL,'출금','150-91452389-8',12,'https://tunkcalb.s3.ap-northeast-2.amazonaws.com/images/%ED%86%A0%EC%8A%A4.png','토스뱅크','신현탁',10000,'12345-123456-123','2023-10-04 08:34:29.779000'),(61,50000,NULL,'입금','150-91452389-8',12,'https://tunkcalb.s3.ap-northeast-2.amazonaws.com/images/%ED%86%A0%EC%8A%A4.png','토스뱅크','신현탁',10000,'12345-123456-123','2023-10-04 08:42:06.183000'),(62,78000,NULL,'입금','150-91452389-8',12,'https://tunkcalb.s3.ap-northeast-2.amazonaws.com/images/%ED%86%A0%EC%8A%A4.png','토스뱅크','신현탁',28000,'12345-123456-123','2023-10-04 08:43:00.963000'),(63,60000,NULL,'출금','150-91452389-8',12,'https://tunkcalb.s3.ap-northeast-2.amazonaws.com/images/%ED%86%A0%EC%8A%A4.png','토스뱅크','신현탁',18000,'12345-123456-123','2023-10-04 08:43:17.071000'),(64,78000,NULL,'입금','150-91452389-8',12,'https://tunkcalb.s3.ap-northeast-2.amazonaws.com/images/%ED%86%A0%EC%8A%A4.png','토스뱅크','신현탁',18000,'12345-123456-123','2023-10-04 08:44:16.481000'),(65,60000,NULL,'출금','150-91452389-8',12,'https://tunkcalb.s3.ap-northeast-2.amazonaws.com/images/%ED%86%A0%EC%8A%A4.png','토스뱅크','신현탁',18000,'12345-123456-123','2023-10-04 08:44:30.170000'),(66,79000,NULL,'입금','150-91452389-8',12,'https://tunkcalb.s3.ap-northeast-2.amazonaws.com/images/%ED%86%A0%EC%8A%A4.png','토스뱅크','신현탁',19000,'12345-123456-123','2023-10-04 08:46:28.930000'),(67,129000,NULL,'입금','150-91452389-8',12,'https://tunkcalb.s3.ap-northeast-2.amazonaws.com/images/%ED%86%A0%EC%8A%A4.png','토스뱅크','신현탁',50000,'12345-123456-123','2023-10-04 11:51:44.776000'),(68,109000,NULL,'출금','150-91452389-8',12,'https://tunkcalb.s3.ap-northeast-2.amazonaws.com/images/%ED%86%A0%EC%8A%A4.png','토스뱅크','신현탁',20000,'12345-123456-123','2023-10-04 12:15:58.648000'),(69,99000,NULL,'출금','150-91452389-8',12,'https://tunkcalb.s3.ap-northeast-2.amazonaws.com/images/%ED%86%A0%EC%8A%A4.png','토스뱅크','신현탁',10000,'12345-123456-123','2023-10-04 12:34:32.207000'),(70,89000,NULL,'출금','150-91452389-8',12,'https://tunkcalb.s3.ap-northeast-2.amazonaws.com/images/%ED%86%A0%EC%8A%A4.png','토스뱅크','신현탁',10000,'12345-123456-123','2023-10-04 12:47:52.847000'),(71,70000,NULL,'출금','150-91452389-8',12,'https://tunkcalb.s3.ap-northeast-2.amazonaws.com/images/%ED%86%A0%EC%8A%A4.png','토스뱅크','신현탁',19000,'12345-123456-123','2023-10-04 12:49:30.827000'),(72,60000,NULL,'출금','150-91452389-8',12,'https://tunkcalb.s3.ap-northeast-2.amazonaws.com/images/%ED%86%A0%EC%8A%A4.png','토스뱅크','신현탁',10000,'12345-123456-123','2023-10-04 12:50:22.000000'),(73,37000,NULL,'입금','150-91452389-8',12,'https://tunkcalb.s3.ap-northeast-2.amazonaws.com/images/%ED%86%A0%EC%8A%A4.png','토스뱅크','신현탁',30000,'12345-123456-123','2023-10-04 12:51:11.003000'),(74,67000,NULL,'입금','150-91452389-8',12,'https://tunkcalb.s3.ap-northeast-2.amazonaws.com/images/%ED%86%A0%EC%8A%A4.png','토스뱅크','신현탁',30000,'12345-123456-123','2023-10-04 12:51:37.704000'),(75,60000,NULL,'출금','150-91452389-8',12,'https://tunkcalb.s3.ap-northeast-2.amazonaws.com/images/%ED%86%A0%EC%8A%A4.png','토스뱅크','신현탁',7000,'12345-123456-123','2023-10-04 12:51:55.557000'),(76,67000,NULL,'입금','150-91452389-8',12,'https://tunkcalb.s3.ap-northeast-2.amazonaws.com/images/%ED%86%A0%EC%8A%A4.png','토스뱅크','신현탁',60000,'12345-123456-123','2023-10-04 12:53:56.004000'),(77,60000,NULL,'출금','150-91452389-8',12,'https://tunkcalb.s3.ap-northeast-2.amazonaws.com/images/%ED%86%A0%EC%8A%A4.png','토스뱅크','신현탁',7000,'12345-123456-123','2023-10-04 12:54:12.790000'),(78,70000,NULL,'입금','150-91452389-8',12,'https://tunkcalb.s3.ap-northeast-2.amazonaws.com/images/%ED%86%A0%EC%8A%A4.png','토스뱅크','신현탁',10000,'12345-123456-123','2023-10-04 12:59:35.157000'),(79,60000,NULL,'출금','150-91452389-8',12,'https://tunkcalb.s3.ap-northeast-2.amazonaws.com/images/%ED%86%A0%EC%8A%A4.png','토스뱅크','신현탁',10000,'12345-123456-123','2023-10-04 13:03:51.884000'),(80,70000,NULL,'입금','67709-272678-213',106,'https://s3-hotsix.s3.ap-northeast-2.amazonaws.com/images/%ED%95%80%EB%B3%BC.png','핀볼','신현탁',10000,'12345-123456-123','2023-10-04 13:16:53.529000'),(81,60000,NULL,'출금','12345-123456-123',106,'https://s3-hotsix.s3.ap-northeast-2.amazonaws.com/images/%ED%95%80%EB%B3%BC.png','핀볼','두둥탁',10000,'12345-123456-123','2023-10-04 13:59:13.192000'),(82,50000,NULL,'출금','150-91452389-8',12,'https://tunkcalb.s3.ap-northeast-2.amazonaws.com/images/%ED%86%A0%EC%8A%A4.png','토스뱅크','신현탁',10000,'12345-123456-123','2023-10-04 14:00:47.611000'),(83,40000,NULL,'출금','150-91452389-8',12,'https://tunkcalb.s3.ap-northeast-2.amazonaws.com/images/%ED%86%A0%EC%8A%A4.png','토스뱅크','신현탁',10000,'12345-123456-123','2023-10-04 14:02:03.473000'),(84,30000,NULL,'출금','150-91452389-8',12,'https://tunkcalb.s3.ap-northeast-2.amazonaws.com/images/%ED%86%A0%EC%8A%A4.png','토스뱅크','신현탁',10000,'12345-123456-123','2023-10-04 14:04:30.567000'),(85,70311,NULL,'입금','49231-264433-763',106,'https://s3-hotsix.s3.ap-northeast-2.amazonaws.com/images/%ED%95%80%EB%B3%BC.png','핀볼','하성호',1111,'14927-297307-278','2023-10-04 14:07:07.978000'),(86,60000,NULL,'입금','150-91452389-8',12,'https://tunkcalb.s3.ap-northeast-2.amazonaws.com/images/%ED%86%A0%EC%8A%A4.png','토스뱅크','신현탁',30000,'12345-123456-123','2023-10-04 14:46:18.998000'),(87,50000,NULL,'출금','150-91452389-8',12,'https://tunkcalb.s3.ap-northeast-2.amazonaws.com/images/%ED%86%A0%EC%8A%A4.png','토스뱅크','신현탁',10000,'12345-123456-123','2023-10-04 14:46:50.940000'),(88,68000,NULL,'입금','150-91452389-8',12,'https://tunkcalb.s3.ap-northeast-2.amazonaws.com/images/%ED%86%A0%EC%8A%A4.png','토스뱅크','신현탁',18000,'12345-123456-123','2023-10-04 14:47:29.389000'),(89,50000,NULL,'출금','150-91452389-8',12,'https://tunkcalb.s3.ap-northeast-2.amazonaws.com/images/%ED%86%A0%EC%8A%A4.png','토스뱅크','신현탁',18000,'12345-123456-123','2023-10-04 14:47:51.345000'),(90,60000,NULL,'입금','150-91452389-8',12,'https://tunkcalb.s3.ap-northeast-2.amazonaws.com/images/%ED%86%A0%EC%8A%A4.png','토스뱅크','신현탁',10000,'12345-123456-123','2023-10-04 14:54:10.215000'),(91,10000,NULL,'입금','67709-272678-213',106,'https://s3-hotsix.s3.ap-northeast-2.amazonaws.com/images/%ED%95%80%EB%B3%BC.png','핀볼','신현탁',10000,'83283-552164-720','2023-10-04 15:13:18.221000'),(92,80000,NULL,'입금','67709-272678-213',106,'https://s3-hotsix.s3.ap-northeast-2.amazonaws.com/images/%ED%95%80%EB%B3%BC.png','핀볼','신현탁',20000,'12345-123456-123','2023-10-04 15:14:05.169000'),(93,60000,NULL,'출금','150-91452389-8',12,'https://tunkcalb.s3.ap-northeast-2.amazonaws.com/images/%ED%86%A0%EC%8A%A4.png','토스뱅크','신현탁',20000,'12345-123456-123','2023-10-04 15:15:10.884000'),(94,48000,NULL,'출금','150-91452389-8',12,'https://tunkcalb.s3.ap-northeast-2.amazonaws.com/images/%ED%86%A0%EC%8A%A4.png','토스뱅크','신현탁',12000,'12345-123456-123','2023-10-04 15:17:39.047000'),(95,98000,NULL,'입금','150-91452389-8',12,'https://tunkcalb.s3.ap-northeast-2.amazonaws.com/images/%ED%86%A0%EC%8A%A4.png','토스뱅크','신현탁',50000,'12345-123456-123','2023-10-04 15:18:17.243000'),(96,290299,NULL,'출금','02811-587248-619',106,'https://s3-hotsix.s3.ap-northeast-2.amazonaws.com/images/%ED%95%80%EB%B3%BC.png','핀볼','정현우',1000,'31942-202934-614','2023-10-04 15:55:15.957000'),(97,86000,NULL,'출금','150-91452389-8',12,'https://tunkcalb.s3.ap-northeast-2.amazonaws.com/images/%ED%86%A0%EC%8A%A4.png','토스뱅크','신현탁',12000,'12345-123456-123','2023-10-04 16:02:37.114000'),(98,289299,NULL,'출금','02811-587248-619',106,'https://s3-hotsix.s3.ap-northeast-2.amazonaws.com/images/%ED%95%80%EB%B3%BC.png','핀볼','정현우',1000,'31942-202934-614','2023-10-04 16:10:59.514000'),(99,290299,NULL,'입금','02811-587248-619',106,'https://s3-hotsix.s3.ap-northeast-2.amazonaws.com/images/%ED%95%80%EB%B3%BC.png','핀볼','정현우',1000,'31942-202934-614','2023-10-04 16:23:29.529000'),(100,292299,NULL,'입금','02811-587248-619',106,'https://s3-hotsix.s3.ap-northeast-2.amazonaws.com/images/%ED%95%80%EB%B3%BC.png','핀볼','정현우',2000,'31942-202934-614','2023-10-04 16:24:52.953000'),(101,70000,NULL,'출금','150-91452389-8',12,'https://tunkcalb.s3.ap-northeast-2.amazonaws.com/images/%ED%86%A0%EC%8A%A4.png','토스뱅크','신현탁',16000,'12345-123456-123','2023-10-04 16:28:00.720000'),(102,293299,NULL,'입금','02811-587248-619',106,'https://s3-hotsix.s3.ap-northeast-2.amazonaws.com/images/%ED%95%80%EB%B3%BC.png','핀볼','정현우',1000,'31942-202934-614','2023-10-04 16:28:58.474000'),(103,294299,NULL,'입금','02811-587248-619',106,'https://s3-hotsix.s3.ap-northeast-2.amazonaws.com/images/%ED%95%80%EB%B3%BC.png','핀볼','정현우',1000,'31942-202934-614','2023-10-04 16:29:53.354000'),(104,295299,NULL,'입금','02811-587248-619',106,'https://s3-hotsix.s3.ap-northeast-2.amazonaws.com/images/%ED%95%80%EB%B3%BC.png','핀볼','정현우',1000,'31942-202934-614','2023-10-04 16:34:41.663000'),(105,296299,NULL,'입금','02811-587248-619',106,'https://s3-hotsix.s3.ap-northeast-2.amazonaws.com/images/%ED%95%80%EB%B3%BC.png','핀볼','정현우',1000,'31942-202934-614','2023-10-04 16:39:48.791000'),(106,297299,NULL,'입금','02811-587248-619',106,'https://s3-hotsix.s3.ap-northeast-2.amazonaws.com/images/%ED%95%80%EB%B3%BC.png','핀볼','정현우',1000,'31942-202934-614','2023-10-04 16:40:04.907000'),(107,298299,NULL,'입금','02811-587248-619',106,'https://s3-hotsix.s3.ap-northeast-2.amazonaws.com/images/%ED%95%80%EB%B3%BC.png','핀볼','정현우',1000,'31942-202934-614','2023-10-04 16:40:57.003000'),(108,58000,NULL,'출금','150-91452389-8',12,'https://tunkcalb.s3.ap-northeast-2.amazonaws.com/images/%ED%86%A0%EC%8A%A4.png','토스뱅크','신현탁',12000,'12345-123456-123','2023-10-04 16:41:40.373000'),(109,299299,NULL,'입금','02811-587248-619',106,'https://s3-hotsix.s3.ap-northeast-2.amazonaws.com/images/%ED%95%80%EB%B3%BC.png','핀볼','정현우',1000,'31942-202934-614','2023-10-04 16:43:44.669000'),(110,301299,NULL,'입금','02811-587248-619',106,'https://s3-hotsix.s3.ap-northeast-2.amazonaws.com/images/%ED%95%80%EB%B3%BC.png','핀볼','정현우',2000,'31942-202934-614','2023-10-04 16:44:23.314000'),(111,48000,NULL,'출금','150-91452389-8',12,'https://tunkcalb.s3.ap-northeast-2.amazonaws.com/images/%ED%86%A0%EC%8A%A4.png','토스뱅크','신현탁',10000,'12345-123456-123','2023-10-04 16:45:18.343000'),(112,98000,NULL,'입금','150-91452389-8',12,'https://tunkcalb.s3.ap-northeast-2.amazonaws.com/images/%ED%86%A0%EC%8A%A4.png','토스뱅크','신현탁',50000,'12345-123456-123','2023-10-04 16:46:36.885000'),(113,80000,NULL,'출금','150-91452389-8',12,'https://tunkcalb.s3.ap-northeast-2.amazonaws.com/images/%ED%86%A0%EC%8A%A4.png','토스뱅크','신현탁',18000,'12345-123456-123','2023-10-04 16:47:00.060000'),(114,60000,NULL,'출금','150-91452389-8',12,'https://tunkcalb.s3.ap-northeast-2.amazonaws.com/images/%ED%86%A0%EC%8A%A4.png','토스뱅크','신현탁',20000,'12345-123456-123','2023-10-04 16:47:49.607000'),(115,40000,NULL,'출금','150-91452389-8',12,'https://tunkcalb.s3.ap-northeast-2.amazonaws.com/images/%ED%86%A0%EC%8A%A4.png','토스뱅크','신현탁',20000,'12345-123456-123','2023-10-04 16:48:38.061000'),(116,304299,NULL,'입금','02811-587248-619',106,'https://s3-hotsix.s3.ap-northeast-2.amazonaws.com/images/%ED%95%80%EB%B3%BC.png','핀볼','정현우',3000,'31942-202934-614','2023-10-04 16:48:47.918000'),(117,20000,NULL,'출금','150-91452389-8',12,'https://tunkcalb.s3.ap-northeast-2.amazonaws.com/images/%ED%86%A0%EC%8A%A4.png','토스뱅크','신현탁',20000,'12345-123456-123','2023-10-04 16:49:19.371000'),(118,303299,NULL,'출금','150-91452389-8',12,'https://tunkcalb.s3.ap-northeast-2.amazonaws.com/images/%ED%86%A0%EC%8A%A4.png','토스뱅크','신현탁',1000,'31942-202934-614','2023-10-04 16:49:32.277000'),(119,100000,NULL,'입금','150-91452389-8',12,'https://tunkcalb.s3.ap-northeast-2.amazonaws.com/images/%ED%86%A0%EC%8A%A4.png','토스뱅크','신현탁',80000,'12345-123456-123','2023-10-04 16:51:10.237000'),(120,80000,NULL,'출금','150-91452389-8',12,'https://tunkcalb.s3.ap-northeast-2.amazonaws.com/images/%ED%86%A0%EC%8A%A4.png','토스뱅크','신현탁',20000,'12345-123456-123','2023-10-04 16:52:34.107000'),(121,200000,NULL,'입금','690-13-707135-3',4,'https://tunkcalb.s3.ap-northeast-2.amazonaws.com/images/%EA%B8%B0%EC%97%85.png','기업','김정희',200000,'11044-067717-479','2023-10-04 16:56:55.997000'),(122,60000,NULL,'출금','150-91452389-8',12,'https://tunkcalb.s3.ap-northeast-2.amazonaws.com/images/%ED%86%A0%EC%8A%A4.png','토스뱅크','신현탁',20000,'12345-123456-123','2023-10-04 17:03:04.613000'),(123,40000,NULL,'출금','150-91452389-8',12,'https://tunkcalb.s3.ap-northeast-2.amazonaws.com/images/%ED%86%A0%EC%8A%A4.png','토스뱅크','신현탁',20000,'12345-123456-123','2023-10-05 00:54:24.593000'),(124,60000,NULL,'입금','150-91452389-8',12,'https://tunkcalb.s3.ap-northeast-2.amazonaws.com/images/%ED%86%A0%EC%8A%A4.png','토스뱅크','신현탁',20000,'12345-123456-123','2023-10-05 00:59:25.614000'),(125,50000,NULL,'출금','150-91452389-8',12,'https://tunkcalb.s3.ap-northeast-2.amazonaws.com/images/%ED%86%A0%EC%8A%A4.png','토스뱅크','신현탁',10000,'12345-123456-123','2023-10-05 01:04:43.939000'),(126,40000,NULL,'출금','150-91452389-8',12,'https://tunkcalb.s3.ap-northeast-2.amazonaws.com/images/%ED%86%A0%EC%8A%A4.png','토스뱅크','신현탁',10000,'12345-123456-123','2023-10-05 01:12:06.198000'),(127,60000,NULL,'입금','150-91452389-8',12,'https://tunkcalb.s3.ap-northeast-2.amazonaws.com/images/%ED%86%A0%EC%8A%A4.png','토스뱅크','신현탁',20000,'12345-123456-123','2023-10-05 01:13:07.273000'),(128,50000,NULL,'출금','150-91452389-8',12,'https://tunkcalb.s3.ap-northeast-2.amazonaws.com/images/%ED%86%A0%EC%8A%A4.png','토스뱅크','신현탁',10000,'12345-123456-123','2023-10-05 01:13:22.573000'),(129,60000,NULL,'입금','150-91452389-8',12,'https://tunkcalb.s3.ap-northeast-2.amazonaws.com/images/%ED%86%A0%EC%8A%A4.png','토스뱅크','신현탁',10000,'12345-123456-123','2023-10-05 01:16:24.005000'),(130,70000,NULL,'입금','150-91452389-8',12,'https://tunkcalb.s3.ap-northeast-2.amazonaws.com/images/%ED%86%A0%EC%8A%A4.png','토스뱅크','신현탁',10000,'12345-123456-123','2023-10-05 01:22:06.021000'),(131,60000,NULL,'출금','150-91452389-8',12,'https://tunkcalb.s3.ap-northeast-2.amazonaws.com/images/%ED%86%A0%EC%8A%A4.png','토스뱅크','신현탁',10000,'12345-123456-123','2023-10-05 01:23:56.306000'),(132,50000,NULL,'출금','150-91452389-8',12,'https://tunkcalb.s3.ap-northeast-2.amazonaws.com/images/%ED%86%A0%EC%8A%A4.png','토스뱅크','신현탁',10000,'12345-123456-123','2023-10-05 01:25:24.637000'),(133,350000,NULL,'입금','67709-272678-213',106,'https://s3-hotsix.s3.ap-northeast-2.amazonaws.com/images/%ED%95%80%EB%B3%BC.png','핀볼','신현탁',300000,'12345-123456-123','2023-10-05 01:26:07.453000'),(134,340000,NULL,'출금','150-91452389-8',12,'https://tunkcalb.s3.ap-northeast-2.amazonaws.com/images/%ED%86%A0%EC%8A%A4.png','토스뱅크','신현탁',10000,'12345-123456-123','2023-10-05 01:26:21.273000'),(135,330000,NULL,'출금','150-91452389-8',12,'https://tunkcalb.s3.ap-northeast-2.amazonaws.com/images/%ED%86%A0%EC%8A%A4.png','토스뱅크','신현탁',10000,'12345-123456-123','2023-10-05 01:28:27.427000'),(136,340000,NULL,'입금','150-91452389-8',12,'https://tunkcalb.s3.ap-northeast-2.amazonaws.com/images/%ED%86%A0%EC%8A%A4.png','토스뱅크','신현탁',10000,'12345-123456-123','2023-10-05 01:34:02.277000'),(137,330000,NULL,'출금','150-91452389-8',12,'https://tunkcalb.s3.ap-northeast-2.amazonaws.com/images/%ED%86%A0%EC%8A%A4.png','토스뱅크','신현탁',10000,'12345-123456-123','2023-10-05 01:34:30.587000'),(138,50000,NULL,'입금','67709-272678-213',106,'https://s3-hotsix.s3.ap-northeast-2.amazonaws.com/images/%ED%95%80%EB%B3%BC.png','핀볼','신현탁',50000,'63657-758475-130','2023-10-05 01:37:11.650000'),(139,100000,NULL,'입금','49231-264433-763',106,'https://s3-hotsix.s3.ap-northeast-2.amazonaws.com/images/%ED%95%80%EB%B3%BC.png','핀볼','하성호',50000,'63657-758475-130','2023-10-05 01:39:32.102000'),(140,120000,NULL,'입금','49231-264433-763',106,'https://s3-hotsix.s3.ap-northeast-2.amazonaws.com/images/%ED%95%80%EB%B3%BC.png','핀볼','하성호',20000,'63657-758475-130','2023-10-05 01:41:56.408000'),(141,340000,NULL,'입금','67709-272678-213',106,'https://s3-hotsix.s3.ap-northeast-2.amazonaws.com/images/%ED%95%80%EB%B3%BC.png','핀볼','신현탁',10000,'12345-123456-123','2023-10-05 01:46:18.425000'),(142,130000,NULL,'입금','150-91452389-8',12,'https://tunkcalb.s3.ap-northeast-2.amazonaws.com/images/%ED%86%A0%EC%8A%A4.png','토스뱅크','신현탁',10000,'63657-758475-130','2023-10-05 01:47:20.499000'),(143,140000,NULL,'입금','150-91452389-8',12,'https://tunkcalb.s3.ap-northeast-2.amazonaws.com/images/%ED%86%A0%EC%8A%A4.png','토스뱅크','신현탁',10000,'63657-758475-130','2023-10-05 01:47:42.840000'),(144,130000,NULL,'출금','150-91452389-8',12,'https://tunkcalb.s3.ap-northeast-2.amazonaws.com/images/%ED%86%A0%EC%8A%A4.png','토스뱅크','신현탁',10000,'63657-758475-130','2023-10-05 01:48:02.392000'),(145,120000,NULL,'출금','150-91452389-8',12,'https://tunkcalb.s3.ap-northeast-2.amazonaws.com/images/%ED%86%A0%EC%8A%A4.png','토스뱅크','신현탁',10000,'63657-758475-130','2023-10-05 01:48:59.321000'),(146,140000,NULL,'입금','150-91452389-8',12,'https://tunkcalb.s3.ap-northeast-2.amazonaws.com/images/%ED%86%A0%EC%8A%A4.png','토스뱅크','신현탁',20000,'63657-758475-130','2023-10-05 01:49:35.861000'),(147,150000,NULL,'입금','150-91452389-8',12,'https://tunkcalb.s3.ap-northeast-2.amazonaws.com/images/%ED%86%A0%EC%8A%A4.png','토스뱅크','신현탁',10000,'63657-758475-130','2023-10-05 01:50:35.790000'),(148,160000,NULL,'입금','150-91452389-8',12,'https://tunkcalb.s3.ap-northeast-2.amazonaws.com/images/%ED%86%A0%EC%8A%A4.png','토스뱅크','신현탁',10000,'63657-758475-130','2023-10-05 01:52:09.204000'),(149,170000,NULL,'입금','150-91452389-8',12,'https://tunkcalb.s3.ap-northeast-2.amazonaws.com/images/%ED%86%A0%EC%8A%A4.png','토스뱅크','신현탁',10000,'63657-758475-130','2023-10-05 01:52:34.784000'),(150,180000,NULL,'입금','150-91452389-8',12,'https://tunkcalb.s3.ap-northeast-2.amazonaws.com/images/%ED%86%A0%EC%8A%A4.png','토스뱅크','신현탁',10000,'63657-758475-130','2023-10-05 01:53:07.328000'),(151,170000,NULL,'출금','150-91452389-8',12,'https://tunkcalb.s3.ap-northeast-2.amazonaws.com/images/%ED%86%A0%EC%8A%A4.png','토스뱅크','신현탁',10000,'63657-758475-130','2023-10-05 01:54:46.817000'),(152,160000,NULL,'출금','150-91452389-8',12,'https://tunkcalb.s3.ap-northeast-2.amazonaws.com/images/%ED%86%A0%EC%8A%A4.png','토스뱅크','신현탁',10000,'63657-758475-130','2023-10-05 01:55:42.950000'),(153,150000,NULL,'출금','150-91452389-8',12,'https://tunkcalb.s3.ap-northeast-2.amazonaws.com/images/%ED%86%A0%EC%8A%A4.png','토스뱅크','신현탁',10000,'63657-758475-130','2023-10-05 01:57:54.844000'),(154,160000,NULL,'입금','150-91452389-8',12,'https://tunkcalb.s3.ap-northeast-2.amazonaws.com/images/%ED%86%A0%EC%8A%A4.png','토스뱅크','신현탁',10000,'63657-758475-130','2023-10-05 01:59:04.964000'),(155,170000,NULL,'입금','150-91452389-8',12,'https://tunkcalb.s3.ap-northeast-2.amazonaws.com/images/%ED%86%A0%EC%8A%A4.png','토스뱅크','신현탁',10000,'63657-758475-130','2023-10-05 01:59:23.718000'),(156,180000,NULL,'입금','150-91452389-8',12,'https://tunkcalb.s3.ap-northeast-2.amazonaws.com/images/%ED%86%A0%EC%8A%A4.png','토스뱅크','신현탁',10000,'63657-758475-130','2023-10-05 02:01:45.705000'),(157,190000,NULL,'입금','150-91452389-8',12,'https://tunkcalb.s3.ap-northeast-2.amazonaws.com/images/%ED%86%A0%EC%8A%A4.png','토스뱅크','신현탁',10000,'63657-758475-130','2023-10-05 02:07:47.666000'),(158,180000,NULL,'출금','150-91452389-8',12,'https://tunkcalb.s3.ap-northeast-2.amazonaws.com/images/%ED%86%A0%EC%8A%A4.png','토스뱅크','신현탁',10000,'63657-758475-130','2023-10-05 02:08:07.582000'),(159,190000,NULL,'입금','150-91452389-8',12,'https://tunkcalb.s3.ap-northeast-2.amazonaws.com/images/%ED%86%A0%EC%8A%A4.png','토스뱅크','신현탁',10000,'63657-758475-130','2023-10-05 02:08:47.845000'),(160,180000,NULL,'출금','150-91452389-8',12,'https://tunkcalb.s3.ap-northeast-2.amazonaws.com/images/%ED%86%A0%EC%8A%A4.png','토스뱅크','신현탁',10000,'63657-758475-130','2023-10-05 02:09:07.220000'),(161,190000,NULL,'입금','150-91452389-8',12,'https://tunkcalb.s3.ap-northeast-2.amazonaws.com/images/%ED%86%A0%EC%8A%A4.png','토스뱅크','신현탁',10000,'63657-758475-130','2023-10-05 02:09:54.490000'),(162,200000,NULL,'입금','150-91452389-8',12,'https://tunkcalb.s3.ap-northeast-2.amazonaws.com/images/%ED%86%A0%EC%8A%A4.png','토스뱅크','신현탁',10000,'63657-758475-130','2023-10-05 02:10:34.691000'),(163,210000,NULL,'입금','150-91452389-8',12,'https://tunkcalb.s3.ap-northeast-2.amazonaws.com/images/%ED%86%A0%EC%8A%A4.png','토스뱅크','신현탁',10000,'63657-758475-130','2023-10-05 02:11:37.028000'),(164,220000,NULL,'입금','150-91452389-8',12,'https://tunkcalb.s3.ap-northeast-2.amazonaws.com/images/%ED%86%A0%EC%8A%A4.png','토스뱅크','신현탁',10000,'63657-758475-130','2023-10-05 02:11:51.074000'),(165,230000,NULL,'입금','150-91452389-8',12,'https://tunkcalb.s3.ap-northeast-2.amazonaws.com/images/%ED%86%A0%EC%8A%A4.png','토스뱅크','신현탁',10000,'63657-758475-130','2023-10-05 02:12:36.629000'),(166,240000,NULL,'입금','150-91452389-8',12,'https://tunkcalb.s3.ap-northeast-2.amazonaws.com/images/%ED%86%A0%EC%8A%A4.png','토스뱅크','신현탁',10000,'63657-758475-130','2023-10-05 02:13:22.690000'),(167,250000,NULL,'입금','150-91452389-8',12,'https://tunkcalb.s3.ap-northeast-2.amazonaws.com/images/%ED%86%A0%EC%8A%A4.png','토스뱅크','신현탁',10000,'63657-758475-130','2023-10-05 02:14:03.729000'),(168,260000,NULL,'입금','150-91452389-8',12,'https://tunkcalb.s3.ap-northeast-2.amazonaws.com/images/%ED%86%A0%EC%8A%A4.png','토스뱅크','신현탁',10000,'63657-758475-130','2023-10-05 02:14:17.453000'),(169,270000,NULL,'입금','150-91452389-8',12,'https://tunkcalb.s3.ap-northeast-2.amazonaws.com/images/%ED%86%A0%EC%8A%A4.png','토스뱅크','신현탁',10000,'63657-758475-130','2023-10-05 02:15:45.940000'),(170,280000,NULL,'입금','150-91452389-8',12,'https://tunkcalb.s3.ap-northeast-2.amazonaws.com/images/%ED%86%A0%EC%8A%A4.png','토스뱅크','신현탁',10000,'63657-758475-130','2023-10-05 02:15:58.132000'),(171,290000,NULL,'입금','150-91452389-8',12,'https://tunkcalb.s3.ap-northeast-2.amazonaws.com/images/%ED%86%A0%EC%8A%A4.png','토스뱅크','신현탁',10000,'63657-758475-130','2023-10-05 02:16:42.900000'),(172,300000,NULL,'입금','150-91452389-8',12,'https://tunkcalb.s3.ap-northeast-2.amazonaws.com/images/%ED%86%A0%EC%8A%A4.png','토스뱅크','신현탁',10000,'63657-758475-130','2023-10-05 02:16:55.958000'),(173,310000,NULL,'입금','150-91452389-8',12,'https://tunkcalb.s3.ap-northeast-2.amazonaws.com/images/%ED%86%A0%EC%8A%A4.png','토스뱅크','신현탁',10000,'63657-758475-130','2023-10-05 02:17:15.189000'),(174,320000,NULL,'입금','150-91452389-8',12,'https://tunkcalb.s3.ap-northeast-2.amazonaws.com/images/%ED%86%A0%EC%8A%A4.png','토스뱅크','신현탁',10000,'63657-758475-130','2023-10-05 02:17:50.142000'),(175,220000,NULL,'출금','150-91452389-8',12,'https://tunkcalb.s3.ap-northeast-2.amazonaws.com/images/%ED%86%A0%EC%8A%A4.png','토스뱅크','신현탁',100000,'63657-758475-130','2023-10-05 02:18:14.247000'),(176,230000,NULL,'입금','150-91452389-8',12,'https://tunkcalb.s3.ap-northeast-2.amazonaws.com/images/%ED%86%A0%EC%8A%A4.png','토스뱅크','신현탁',10000,'63657-758475-130','2023-10-05 02:19:55.435000'),(177,240000,NULL,'입금','49231-264433-763',106,'https://s3-hotsix.s3.ap-northeast-2.amazonaws.com/images/%ED%95%80%EB%B3%BC.png','핀볼','하성호',10000,'63657-758475-130','2023-10-05 02:22:18.025000'),(178,250000,NULL,'입금','150-91452389-8',12,'https://tunkcalb.s3.ap-northeast-2.amazonaws.com/images/%ED%86%A0%EC%8A%A4.png','토스뱅크','신현탁',10000,'63657-758475-130','2023-10-05 02:22:37.074000'),(179,260000,NULL,'입금','49231-264433-763',106,'https://s3-hotsix.s3.ap-northeast-2.amazonaws.com/images/%ED%95%80%EB%B3%BC.png','핀볼','하성호',10000,'63657-758475-130','2023-10-05 02:22:37.547000'),(180,270000,NULL,'입금','49231-264433-763',106,'https://s3-hotsix.s3.ap-northeast-2.amazonaws.com/images/%ED%95%80%EB%B3%BC.png','핀볼','하성호',10000,'63657-758475-130','2023-10-05 02:22:55.782000'),(181,280000,NULL,'입금','150-91452389-8',12,'https://tunkcalb.s3.ap-northeast-2.amazonaws.com/images/%ED%86%A0%EC%8A%A4.png','토스뱅크','신현탁',10000,'63657-758475-130','2023-10-05 02:23:16.503000'),(182,290000,NULL,'입금','49231-264433-763',106,'https://s3-hotsix.s3.ap-northeast-2.amazonaws.com/images/%ED%95%80%EB%B3%BC.png','핀볼','하성호',10000,'63657-758475-130','2023-10-05 02:23:23.570000'),(183,300000,NULL,'입금','150-91452389-8',12,'https://tunkcalb.s3.ap-northeast-2.amazonaws.com/images/%ED%86%A0%EC%8A%A4.png','토스뱅크','신현탁',10000,'63657-758475-130','2023-10-05 02:23:31.055000'),(184,310000,NULL,'입금','49231-264433-763',106,'https://s3-hotsix.s3.ap-northeast-2.amazonaws.com/images/%ED%95%80%EB%B3%BC.png','핀볼','하성호',10000,'63657-758475-130','2023-10-05 02:23:48.521000'),(185,320000,NULL,'입금','150-91452389-8',12,'https://tunkcalb.s3.ap-northeast-2.amazonaws.com/images/%ED%86%A0%EC%8A%A4.png','토스뱅크','신현탁',10000,'63657-758475-130','2023-10-05 02:25:43.775000'),(186,330000,NULL,'입금','150-91452389-8',12,'https://tunkcalb.s3.ap-northeast-2.amazonaws.com/images/%ED%86%A0%EC%8A%A4.png','토스뱅크','신현탁',10000,'63657-758475-130','2023-10-05 02:25:55.894000'),(187,340000,NULL,'입금','150-91452389-8',12,'https://tunkcalb.s3.ap-northeast-2.amazonaws.com/images/%ED%86%A0%EC%8A%A4.png','토스뱅크','신현탁',10000,'63657-758475-130','2023-10-05 02:26:06.470000'),(188,330000,NULL,'출금','150-91452389-8',12,'https://tunkcalb.s3.ap-northeast-2.amazonaws.com/images/%ED%86%A0%EC%8A%A4.png','토스뱅크','신현탁',10000,'63657-758475-130','2023-10-05 02:26:17.980000'),(189,340000,NULL,'입금','150-91452389-8',12,'https://tunkcalb.s3.ap-northeast-2.amazonaws.com/images/%ED%86%A0%EC%8A%A4.png','토스뱅크','신현탁',10000,'63657-758475-130','2023-10-05 02:30:06.277000'),(190,350000,NULL,'입금','150-91452389-8',12,'https://tunkcalb.s3.ap-northeast-2.amazonaws.com/images/%ED%86%A0%EC%8A%A4.png','토스뱅크','신현탁',10000,'63657-758475-130','2023-10-05 02:30:18.451000'),(191,360000,NULL,'입금','150-91452389-8',12,'https://tunkcalb.s3.ap-northeast-2.amazonaws.com/images/%ED%86%A0%EC%8A%A4.png','토스뱅크','신현탁',10000,'63657-758475-130','2023-10-05 02:30:28.853000'),(192,350000,NULL,'출금','150-91452389-8',12,'https://tunkcalb.s3.ap-northeast-2.amazonaws.com/images/%ED%86%A0%EC%8A%A4.png','토스뱅크','신현탁',10000,'63657-758475-130','2023-10-05 02:30:43.853000'),(193,338000,NULL,'출금','150-91452389-8',12,'https://tunkcalb.s3.ap-northeast-2.amazonaws.com/images/%ED%86%A0%EC%8A%A4.png','토스뱅크','신현탁',12000,'63657-758475-130','2023-10-05 02:31:18.043000'),(194,320000,NULL,'출금','150-91452389-8',12,'https://tunkcalb.s3.ap-northeast-2.amazonaws.com/images/%ED%86%A0%EC%8A%A4.png','토스뱅크','신현탁',18000,'63657-758475-130','2023-10-05 02:32:43.954000'),(195,310000,NULL,'출금','150-91452389-8',12,'https://tunkcalb.s3.ap-northeast-2.amazonaws.com/images/%ED%86%A0%EC%8A%A4.png','토스뱅크','신현탁',10000,'63657-758475-130','2023-10-05 02:33:22.108000'),(196,320000,NULL,'입금','49231-264433-763',106,'https://s3-hotsix.s3.ap-northeast-2.amazonaws.com/images/%ED%95%80%EB%B3%BC.png','핀볼','하성호',10000,'63657-758475-130','2023-10-05 02:36:32.150000'),(197,10000,NULL,'입금','150-91452389-8',12,'https://tunkcalb.s3.ap-northeast-2.amazonaws.com/images/%ED%86%A0%EC%8A%A4.png','토스뱅크','신현탁',10000,'15272-149165-244','2023-10-05 02:36:36.804000'),(198,325000,NULL,'입금','49231-264433-763',106,'https://s3-hotsix.s3.ap-northeast-2.amazonaws.com/images/%ED%95%80%EB%B3%BC.png','핀볼','하성호',5000,'63657-758475-130','2023-10-05 02:36:52.706000'),(199,315000,NULL,'출금','150-91452389-8',12,'https://tunkcalb.s3.ap-northeast-2.amazonaws.com/images/%ED%86%A0%EC%8A%A4.png','토스뱅크','신현탁',10000,'63657-758475-130','2023-10-05 02:40:55.603000'),(200,305000,NULL,'출금','150-91452389-8',12,'https://tunkcalb.s3.ap-northeast-2.amazonaws.com/images/%ED%86%A0%EC%8A%A4.png','토스뱅크','신현탁',10000,'63657-758475-130','2023-10-05 02:41:29.571000'),(201,295000,NULL,'출금','150-91452389-8',12,'https://tunkcalb.s3.ap-northeast-2.amazonaws.com/images/%ED%86%A0%EC%8A%A4.png','토스뱅크','신현탁',10000,'63657-758475-130','2023-10-05 02:41:53.256000'),(202,300000,NULL,'입금','49231-264433-763',106,'https://s3-hotsix.s3.ap-northeast-2.amazonaws.com/images/%ED%95%80%EB%B3%BC.png','핀볼','하성호',5000,'63657-758475-130','2023-10-05 02:41:57.297000'),(203,290000,NULL,'출금','150-91452389-8',12,'https://tunkcalb.s3.ap-northeast-2.amazonaws.com/images/%ED%86%A0%EC%8A%A4.png','토스뱅크','신현탁',10000,'63657-758475-130','2023-10-05 02:42:24.916000'),(204,280000,NULL,'출금','150-91452389-8',12,'https://tunkcalb.s3.ap-northeast-2.amazonaws.com/images/%ED%86%A0%EC%8A%A4.png','토스뱅크','신현탁',10000,'63657-758475-130','2023-10-05 02:42:48.083000'),(205,285000,NULL,'입금','49231-264433-763',106,'https://s3-hotsix.s3.ap-northeast-2.amazonaws.com/images/%ED%95%80%EB%B3%BC.png','핀볼','하성호',5000,'63657-758475-130','2023-10-05 02:43:21.966000'),(206,275000,NULL,'출금','150-91452389-8',12,'https://tunkcalb.s3.ap-northeast-2.amazonaws.com/images/%ED%86%A0%EC%8A%A4.png','토스뱅크','신현탁',10000,'63657-758475-130','2023-10-05 02:46:35.322000'),(207,265000,NULL,'출금','150-91452389-8',12,'https://tunkcalb.s3.ap-northeast-2.amazonaws.com/images/%ED%86%A0%EC%8A%A4.png','토스뱅크','신현탁',10000,'63657-758475-130','2023-10-05 02:49:06.005000'),(208,270000,NULL,'입금','49231-264433-763',106,'https://s3-hotsix.s3.ap-northeast-2.amazonaws.com/images/%ED%95%80%EB%B3%BC.png','핀볼','하성호',5000,'63657-758475-130','2023-10-05 02:50:02.806000'),(209,260000,NULL,'출금','150-91452389-8',12,'https://tunkcalb.s3.ap-northeast-2.amazonaws.com/images/%ED%86%A0%EC%8A%A4.png','토스뱅크','신현탁',10000,'63657-758475-130','2023-10-05 02:51:45.932000'),(210,250000,NULL,'출금','150-91452389-8',12,'https://tunkcalb.s3.ap-northeast-2.amazonaws.com/images/%ED%86%A0%EC%8A%A4.png','토스뱅크','신현탁',10000,'63657-758475-130','2023-10-05 02:52:29.581000'),(211,255000,NULL,'입금','49231-264433-763',106,'https://s3-hotsix.s3.ap-northeast-2.amazonaws.com/images/%ED%95%80%EB%B3%BC.png','핀볼','하성호',5000,'63657-758475-130','2023-10-05 02:53:12.775000'),(212,260000,NULL,'입금','49231-264433-763',106,'https://s3-hotsix.s3.ap-northeast-2.amazonaws.com/images/%ED%95%80%EB%B3%BC.png','핀볼','하성호',5000,'63657-758475-130','2023-10-05 02:53:42.953000'),(213,250000,NULL,'출금','150-91452389-8',12,'https://tunkcalb.s3.ap-northeast-2.amazonaws.com/images/%ED%86%A0%EC%8A%A4.png','토스뱅크','신현탁',10000,'63657-758475-130','2023-10-05 02:53:56.939000'),(214,240000,NULL,'출금','150-91452389-8',12,'https://tunkcalb.s3.ap-northeast-2.amazonaws.com/images/%ED%86%A0%EC%8A%A4.png','토스뱅크','신현탁',10000,'63657-758475-130','2023-10-05 02:54:33.708000'),(215,230000,NULL,'출금','150-91452389-8',12,'https://tunkcalb.s3.ap-northeast-2.amazonaws.com/images/%ED%86%A0%EC%8A%A4.png','토스뱅크','신현탁',10000,'63657-758475-130','2023-10-05 02:55:17.411000'),(216,235000,NULL,'입금','49231-264433-763',106,'https://s3-hotsix.s3.ap-northeast-2.amazonaws.com/images/%ED%95%80%EB%B3%BC.png','핀볼','하성호',5000,'63657-758475-130','2023-10-05 02:55:56.983000'),(217,225000,NULL,'출금','150-91452389-8',12,'https://tunkcalb.s3.ap-northeast-2.amazonaws.com/images/%ED%86%A0%EC%8A%A4.png','토스뱅크','신현탁',10000,'63657-758475-130','2023-10-05 02:56:02.562000'),(218,230000,NULL,'입금','49231-264433-763',106,'https://s3-hotsix.s3.ap-northeast-2.amazonaws.com/images/%ED%95%80%EB%B3%BC.png','핀볼','하성호',5000,'63657-758475-130','2023-10-05 02:56:23.118000'),(219,10000,NULL,'출금','0584-92-9502797-9',3,'https://tunkcalb.s3.ap-northeast-2.amazonaws.com/images/%EA%B5%AD%EB%AF%BC.png','국민','정영빈',50000,'54691-699334-356','2023-10-05 03:16:28.121000'),(220,0,NULL,'출금','0584-92-9502797-9',3,'https://tunkcalb.s3.ap-northeast-2.amazonaws.com/images/%EA%B5%AD%EB%AF%BC.png','국민','정영빈',10000,'54691-699334-356','2023-10-05 03:24:17.104000'),(221,60000,NULL,'입금','95904-456091-252',106,'https://s3-hotsix.s3.ap-northeast-2.amazonaws.com/images/%ED%95%80%EB%B3%BC.png','핀볼','서정희',50000,'15272-149165-244','2023-10-05 03:26:48.227000'),(222,-10000,NULL,'출금','0584-92-9502797-9',3,'https://tunkcalb.s3.ap-northeast-2.amazonaws.com/images/%EA%B5%AD%EB%AF%BC.png','국민','정영빈',10000,'54691-699334-356','2023-10-05 03:37:24.078000'),(223,50000,NULL,'출금','15272-149165-244',106,'https://s3-hotsix.s3.ap-northeast-2.amazonaws.com/images/%ED%95%80%EB%B3%BC.png','핀볼','자자드가자',10000,'15272-149165-244','2023-10-05 03:39:45.076000'),(224,30000,NULL,'출금','15272-149165-244',106,'https://s3-hotsix.s3.ap-northeast-2.amazonaws.com/images/%ED%95%80%EB%B3%BC.png','핀볼','자자드가자',20000,'15272-149165-244','2023-10-05 03:40:47.208000'),(225,220000,NULL,'출금','150-91452389-8',12,'https://tunkcalb.s3.ap-northeast-2.amazonaws.com/images/%ED%86%A0%EC%8A%A4.png','토스뱅크','신현탁',10000,'63657-758475-130','2023-10-05 03:44:15.399000'),(226,210000,NULL,'출금','150-91452389-8',12,'https://tunkcalb.s3.ap-northeast-2.amazonaws.com/images/%ED%86%A0%EC%8A%A4.png','토스뱅크','신현탁',10000,'63657-758475-130','2023-10-05 03:46:51.264000'),(227,200000,NULL,'출금','150-91452389-8',12,'https://tunkcalb.s3.ap-northeast-2.amazonaws.com/images/%ED%86%A0%EC%8A%A4.png','토스뱅크','신현탁',10000,'63657-758475-130','2023-10-05 03:48:38.832000'),(228,190000,NULL,'출금','150-91452389-8',12,'https://tunkcalb.s3.ap-northeast-2.amazonaws.com/images/%ED%86%A0%EC%8A%A4.png','토스뱅크','신현탁',10000,'63657-758475-130','2023-10-05 03:50:47.024000'),(229,180000,NULL,'출금','150-91452389-8',12,'https://tunkcalb.s3.ap-northeast-2.amazonaws.com/images/%ED%86%A0%EC%8A%A4.png','토스뱅크','신현탁',10000,'63657-758475-130','2023-10-05 04:22:32.583000'),(230,170000,NULL,'출금','150-91452389-8',12,'https://tunkcalb.s3.ap-northeast-2.amazonaws.com/images/%ED%86%A0%EC%8A%A4.png','토스뱅크','신현탁',10000,'63657-758475-130','2023-10-05 04:32:07.255000'),(231,270000,NULL,'입금','150-91452389-8',12,'https://tunkcalb.s3.ap-northeast-2.amazonaws.com/images/%ED%86%A0%EC%8A%A4.png','토스뱅크','신현탁',100000,'63657-758475-130','2023-10-05 04:32:29.321000'),(232,260000,NULL,'출금','150-91452389-8',12,'https://tunkcalb.s3.ap-northeast-2.amazonaws.com/images/%ED%86%A0%EC%8A%A4.png','토스뱅크','신현탁',10000,'63657-758475-130','2023-10-05 04:32:50.996000'),(233,250000,NULL,'출금','150-91452389-8',12,'https://tunkcalb.s3.ap-northeast-2.amazonaws.com/images/%ED%86%A0%EC%8A%A4.png','토스뱅크','신현탁',10000,'63657-758475-130','2023-10-05 04:33:34.157000'),(234,240000,NULL,'출금','150-91452389-8',12,'https://tunkcalb.s3.ap-northeast-2.amazonaws.com/images/%ED%86%A0%EC%8A%A4.png','토스뱅크','신현탁',10000,'63657-758475-130','2023-10-05 04:38:08.416000'),(235,230000,NULL,'출금','150-91452389-8',12,'https://tunkcalb.s3.ap-northeast-2.amazonaws.com/images/%ED%86%A0%EC%8A%A4.png','토스뱅크','신현탁',10000,'63657-758475-130','2023-10-05 04:41:52.018000'),(236,220000,NULL,'출금','150-91452389-8',12,'https://tunkcalb.s3.ap-northeast-2.amazonaws.com/images/%ED%86%A0%EC%8A%A4.png','토스뱅크','신현탁',10000,'63657-758475-130','2023-10-05 04:44:14.073000'),(237,210000,NULL,'출금','150-91452389-8',12,'https://tunkcalb.s3.ap-northeast-2.amazonaws.com/images/%ED%86%A0%EC%8A%A4.png','토스뱅크','신현탁',10000,'63657-758475-130','2023-10-05 04:48:17.856000'),(238,200000,NULL,'출금','150-91452389-8',12,'https://tunkcalb.s3.ap-northeast-2.amazonaws.com/images/%ED%86%A0%EC%8A%A4.png','토스뱅크','신현탁',10000,'63657-758475-130','2023-10-05 04:48:46.945000'),(239,190000,NULL,'출금','150-91452389-8',12,'https://tunkcalb.s3.ap-northeast-2.amazonaws.com/images/%ED%86%A0%EC%8A%A4.png','토스뱅크','신현탁',10000,'63657-758475-130','2023-10-05 04:49:49.386000'),(240,340000,NULL,'입금','150-91452389-8',12,'https://tunkcalb.s3.ap-northeast-2.amazonaws.com/images/%ED%86%A0%EC%8A%A4.png','토스뱅크','신현탁',150000,'63657-758475-130','2023-10-05 04:50:17.379000'),(241,350000,NULL,'입금','150-91452389-8',12,'https://tunkcalb.s3.ap-northeast-2.amazonaws.com/images/%ED%86%A0%EC%8A%A4.png','토스뱅크','신현탁',10000,'63657-758475-130','2023-10-05 04:50:38.408000'),(242,340000,NULL,'출금','150-91452389-8',12,'https://tunkcalb.s3.ap-northeast-2.amazonaws.com/images/%ED%86%A0%EC%8A%A4.png','토스뱅크','신현탁',10000,'63657-758475-130','2023-10-05 04:53:02.743000'),(243,330000,NULL,'출금','150-91452389-8',12,'https://tunkcalb.s3.ap-northeast-2.amazonaws.com/images/%ED%86%A0%EC%8A%A4.png','토스뱅크','신현탁',10000,'63657-758475-130','2023-10-05 04:53:45.277000'),(244,320000,NULL,'출금','150-91452389-8',12,'https://tunkcalb.s3.ap-northeast-2.amazonaws.com/images/%ED%86%A0%EC%8A%A4.png','토스뱅크','신현탁',10000,'63657-758475-130','2023-10-05 04:54:31.353000'),(245,310000,NULL,'출금','150-91452389-8',12,'https://tunkcalb.s3.ap-northeast-2.amazonaws.com/images/%ED%86%A0%EC%8A%A4.png','토스뱅크','신현탁',10000,'63657-758475-130','2023-10-05 04:55:12.221000'),(246,300000,NULL,'출금','150-91452389-8',12,'https://tunkcalb.s3.ap-northeast-2.amazonaws.com/images/%ED%86%A0%EC%8A%A4.png','토스뱅크','신현탁',10000,'63657-758475-130','2023-10-05 04:56:22.362000'),(247,290000,NULL,'출금','150-91452389-8',12,'https://tunkcalb.s3.ap-northeast-2.amazonaws.com/images/%ED%86%A0%EC%8A%A4.png','토스뱅크','신현탁',10000,'63657-758475-130','2023-10-05 04:57:08.312000'),(248,280000,NULL,'출금','150-91452389-8',12,'https://tunkcalb.s3.ap-northeast-2.amazonaws.com/images/%ED%86%A0%EC%8A%A4.png','토스뱅크','신현탁',10000,'63657-758475-130','2023-10-05 04:57:41.586000'),(249,270000,NULL,'출금','150-91452389-8',12,'https://tunkcalb.s3.ap-northeast-2.amazonaws.com/images/%ED%86%A0%EC%8A%A4.png','토스뱅크','신현탁',10000,'63657-758475-130','2023-10-05 04:58:17.425000'),(250,260000,NULL,'출금','150-91452389-8',12,'https://tunkcalb.s3.ap-northeast-2.amazonaws.com/images/%ED%86%A0%EC%8A%A4.png','토스뱅크','신현탁',10000,'63657-758475-130','2023-10-05 05:01:15.487000'),(251,250000,NULL,'출금','150-91452389-8',12,'https://tunkcalb.s3.ap-northeast-2.amazonaws.com/images/%ED%86%A0%EC%8A%A4.png','토스뱅크','신현탁',10000,'63657-758475-130','2023-10-05 05:01:47.758000'),(252,240000,NULL,'출금','150-91452389-8',12,'https://tunkcalb.s3.ap-northeast-2.amazonaws.com/images/%ED%86%A0%EC%8A%A4.png','토스뱅크','신현탁',10000,'63657-758475-130','2023-10-05 05:02:22.724000'),(253,230000,NULL,'출금','150-91452389-8',12,'https://tunkcalb.s3.ap-northeast-2.amazonaws.com/images/%ED%86%A0%EC%8A%A4.png','토스뱅크','신현탁',10000,'63657-758475-130','2023-10-05 05:03:11.962000'),(254,220000,NULL,'출금','150-91452389-8',12,'https://tunkcalb.s3.ap-northeast-2.amazonaws.com/images/%ED%86%A0%EC%8A%A4.png','토스뱅크','신현탁',10000,'63657-758475-130','2023-10-05 05:11:23.806000');
/*!40000 ALTER TABLE `group_account_history` ENABLE KEYS */;
UNLOCK TABLES;

--
-- Table structure for table `group_account_member`
--

DROP TABLE IF EXISTS `group_account_member`;
/*!40101 SET @saved_cs_client     = @@character_set_client */;
/*!50503 SET character_set_client = utf8mb4 */;
CREATE TABLE `group_account_member` (
  `id` bigint NOT NULL AUTO_INCREMENT,
  `balance` bigint DEFAULT NULL,
  `cp_name` varchar(255) DEFAULT NULL,
  `skin_id` bigint DEFAULT NULL,
  `to_account_no` varchar(255) DEFAULT NULL,
  `value` bigint DEFAULT NULL,
  `group_account_account_no` varchar(255) DEFAULT NULL,
  `member_id` bigint DEFAULT NULL,
  PRIMARY KEY (`id`),
  KEY `FKeknkmkvdoib1k2e8b7o2pnm7f` (`group_account_account_no`),
  KEY `FKr60nhljrbvdkcy7brdl2whtot` (`member_id`),
  CONSTRAINT `FKeknkmkvdoib1k2e8b7o2pnm7f` FOREIGN KEY (`group_account_account_no`) REFERENCES `group_account` (`account_no`),
  CONSTRAINT `FKr60nhljrbvdkcy7brdl2whtot` FOREIGN KEY (`member_id`) REFERENCES `member` (`id`)
) ENGINE=InnoDB AUTO_INCREMENT=34 DEFAULT CHARSET=utf8mb4 COLLATE=utf8mb4_0900_ai_ci;
/*!40101 SET character_set_client = @saved_cs_client */;

--
-- Dumping data for table `group_account_member`
--

LOCK TABLES `group_account_member` WRITE;
/*!40000 ALTER TABLE `group_account_member` DISABLE KEYS */;
INSERT INTO `group_account_member` VALUES (1,-18000,'핀볼',0,'02811-587248-619',32000,'31942-202934-614',5),(2,3000,'핀볼',0,'67709-272678-213',3000,'31942-202934-614',6),(3,22000,'핀볼',0,'49231-264433-763',12000,'14927-297307-278',2),(4,0,'핀볼',0,'49231-264433-763',0,'97284-087924-706',2),(6,98200,'핀볼 ',0,'02811-587248-619',98200,'14927-297307-278',5),(7,0,'핀볼',0,'29072-869447-298',0,'94546-345487-739',15),(8,0,'핀볼',0,'49231-264433-763',0,'29836-394435-200',2),(9,340000,'핀볼',0,'67709-272678-213',370000,'12345-123456-123',6),(10,10000,'핀볼',0,'02811-587248-619',20000,'12345-123456-123',5),(11,0,'핀볼',0,'49231-264433-763',10000,'12345-123456-123',2),(16,0,'핀볼',0,'49231-264433-763',0,'06628-872051-192',2),(17,0,'핀볼',0,'47677-475525-621',0,'39619-607024-598',20),(18,60000,'핀볼',0,'95904-456091-252',60000,'54691-699334-356',3),(19,0,'핀볼',0,'26874-305565-996',0,'11044-067717-479',1),(21,0,'핀볼',0,'32262-925627-151',0,'97284-087924-706',27),(22,0,'핀볼',0,'49231-264433-763',0,'31942-202934-614',2),(23,0,'핀볼',0,'67709-272678-213',0,'83283-552164-720',6),(24,30000,'핀볼',0,'26874-305565-996',30000,'54691-699334-356',1),(25,10000,'핀볼',0,'49231-264433-763',20000,'54691-699334-356',2),(26,10000,'핀볼',0,'02811-587248-619',10000,'54691-699334-356',5),(27,30000,'핀볼',0,'95904-456091-252',50000,'15272-149165-244',3),(28,0,'핀볼',0,'26874-305565-996',0,'15272-149165-244',1),(29,0,'핀볼',0,'49231-264433-763',0,'15272-149165-244',2),(30,10000,'핀볼',0,'67709-272678-213',10000,'15272-149165-244',6),(31,0,'핀볼',0,'95904-456091-252',0,'11044-067717-479',3),(32,150000,'핀볼',0,'67709-272678-213',660000,'63657-758475-130',6),(33,10000,'핀볼',0,'49231-264433-763',120000,'63657-758475-130',2);
/*!40000 ALTER TABLE `group_account_member` ENABLE KEYS */;
UNLOCK TABLES;

--
-- Table structure for table `group_game_result`
--

DROP TABLE IF EXISTS `group_game_result`;
/*!40101 SET @saved_cs_client     = @@character_set_client */;
/*!50503 SET character_set_client = utf8mb4 */;
CREATE TABLE `group_game_result` (
  `id` bigint NOT NULL AUTO_INCREMENT,
  `lose` bigint DEFAULT NULL,
  `group_account_history_id` bigint DEFAULT NULL,
  `group_account_member_id` bigint DEFAULT NULL,
  PRIMARY KEY (`id`),
  KEY `FKsijy9itlvwkt2n4fwemorvh77` (`group_account_history_id`),
  KEY `FK2nmb9082v4jnk78a7rk00bedw` (`group_account_member_id`),
  CONSTRAINT `FK2nmb9082v4jnk78a7rk00bedw` FOREIGN KEY (`group_account_member_id`) REFERENCES `group_account_member` (`id`),
  CONSTRAINT `FKsijy9itlvwkt2n4fwemorvh77` FOREIGN KEY (`group_account_history_id`) REFERENCES `group_account_history` (`id`)
) ENGINE=InnoDB AUTO_INCREMENT=67 DEFAULT CHARSET=utf8mb4 COLLATE=utf8mb4_0900_ai_ci;
/*!40101 SET character_set_client = @saved_cs_client */;

--
-- Dumping data for table `group_game_result`
--

LOCK TABLES `group_game_result` WRITE;
/*!40000 ALTER TABLE `group_game_result` DISABLE KEYS */;
INSERT INTO `group_game_result` VALUES (1,1200,21,6),(2,4000,22,6),(3,2800,21,3),(4,20000,122,1),(5,20000,123,1),(6,10000,125,1),(7,10000,128,11),(8,10000,131,10),(9,10000,134,9),(10,10000,135,9),(11,10000,137,9),(12,10000,144,32),(13,10000,145,32),(14,10000,151,32),(15,10000,152,32),(16,10000,153,32),(17,10000,158,32),(18,10000,160,32),(19,90000,175,32),(20,10000,175,33),(21,10000,188,33),(22,10000,192,32),(23,12000,193,32),(24,18000,194,32),(25,10000,195,33),(26,10000,199,32),(27,10000,200,32),(28,10000,201,32),(29,10000,203,32),(30,10000,204,32),(31,10000,206,33),(32,10000,207,32),(33,10000,209,32),(34,10000,210,33),(35,10000,213,32),(36,10000,214,32),(37,10000,215,32),(38,10000,217,33),(39,10000,222,25),(40,20000,224,27),(41,10000,225,32),(42,10000,226,32),(43,10000,227,32),(44,10000,228,32),(45,10000,229,33),(46,10000,230,32),(47,10000,232,33),(48,10000,233,32),(49,10000,234,32),(50,10000,235,32),(51,10000,236,32),(52,10000,237,33),(53,10000,238,32),(54,10000,239,32),(55,10000,242,32),(56,10000,243,33),(57,10000,244,32),(58,10000,245,32),(59,10000,246,32),(60,10000,248,32),(61,10000,249,32),(62,10000,250,32),(63,10000,251,32),(64,10000,252,33),(65,10000,253,32),(66,10000,254,32);
/*!40000 ALTER TABLE `group_game_result` ENABLE KEYS */;
UNLOCK TABLES;

--
-- Table structure for table `inventory`
--

DROP TABLE IF EXISTS `inventory`;
/*!40101 SET @saved_cs_client     = @@character_set_client */;
/*!50503 SET character_set_client = utf8mb4 */;
CREATE TABLE `inventory` (
  `id` bigint NOT NULL AUTO_INCREMENT,
  `is_selected` bit(1) DEFAULT NULL,
  `member_id` bigint DEFAULT NULL,
  `skin_id` bigint DEFAULT NULL,
  PRIMARY KEY (`id`),
  KEY `FKdswwqo85b868m9kay67uwlp20` (`member_id`),
  KEY `FKjjal3lhx2qsw53a2k3qft8wx6` (`skin_id`),
  CONSTRAINT `FKdswwqo85b868m9kay67uwlp20` FOREIGN KEY (`member_id`) REFERENCES `member` (`id`),
  CONSTRAINT `FKjjal3lhx2qsw53a2k3qft8wx6` FOREIGN KEY (`skin_id`) REFERENCES `skin` (`id`)
) ENGINE=InnoDB AUTO_INCREMENT=35 DEFAULT CHARSET=utf8mb4 COLLATE=utf8mb4_0900_ai_ci;
/*!40101 SET character_set_client = @saved_cs_client */;

--
-- Dumping data for table `inventory`
--

LOCK TABLES `inventory` WRITE;
/*!40000 ALTER TABLE `inventory` DISABLE KEYS */;
INSERT INTO `inventory` VALUES (1,_binary '\0',1,1),(2,_binary '\0',1,2),(3,_binary '',1,4),(4,_binary '\0',1,5),(5,_binary '',8,5),(6,_binary '',13,5),(7,_binary '\0',3,1),(8,_binary '',2,1),(9,_binary '',5,1),(10,_binary '',4,1),(11,_binary '\0',6,1),(12,_binary '\0',14,5),(13,_binary '',14,2),(14,_binary '\0',6,5),(15,_binary '\0',15,5),(16,_binary '',15,4),(17,_binary '',16,5),(18,_binary '\0',6,2),(19,_binary '',18,5),(20,_binary '',19,5),(21,_binary '',20,5),(22,_binary '',21,5),(23,_binary '',22,5),(27,_binary '',26,5),(28,_binary '',3,5),(29,_binary '',27,5),(30,_binary '\0',3,2),(31,_binary '\0',3,3),(32,_binary '\0',3,4),(33,_binary '',6,3),(34,_binary '\0',6,4);
/*!40000 ALTER TABLE `inventory` ENABLE KEYS */;
UNLOCK TABLES;

--
-- Table structure for table `invite`
--

DROP TABLE IF EXISTS `invite`;
/*!40101 SET @saved_cs_client     = @@character_set_client */;
/*!50503 SET character_set_client = utf8mb4 */;
CREATE TABLE `invite` (
  `id` bigint NOT NULL AUTO_INCREMENT,
  `invite_member_id` bigint DEFAULT NULL,
  `group_account_account_no` varchar(255) DEFAULT NULL,
  `member_id` bigint DEFAULT NULL,
  PRIMARY KEY (`id`),
  KEY `FKg08ms7c62k53s3f486cej9a5k` (`group_account_account_no`),
  KEY `FK5yhj5g1hea22pdkxslnc64yc9` (`member_id`),
  CONSTRAINT `FK5yhj5g1hea22pdkxslnc64yc9` FOREIGN KEY (`member_id`) REFERENCES `member` (`id`),
  CONSTRAINT `FKg08ms7c62k53s3f486cej9a5k` FOREIGN KEY (`group_account_account_no`) REFERENCES `group_account` (`account_no`)
) ENGINE=InnoDB DEFAULT CHARSET=utf8mb4 COLLATE=utf8mb4_0900_ai_ci;
/*!40101 SET character_set_client = @saved_cs_client */;

--
-- Dumping data for table `invite`
--

LOCK TABLES `invite` WRITE;
/*!40000 ALTER TABLE `invite` DISABLE KEYS */;
/*!40000 ALTER TABLE `invite` ENABLE KEYS */;
UNLOCK TABLES;

--
-- Table structure for table `member`
--

DROP TABLE IF EXISTS `member`;
/*!40101 SET @saved_cs_client     = @@character_set_client */;
/*!50503 SET character_set_client = utf8mb4 */;
CREATE TABLE `member` (
  `id` bigint NOT NULL AUTO_INCREMENT,
  `easy_password` varchar(255) DEFAULT NULL,
  `email` varchar(255) DEFAULT NULL,
  `name` varchar(255) NOT NULL,
  `password` varchar(255) NOT NULL,
  `phone_number` varchar(255) NOT NULL,
  `point` int DEFAULT NULL,
  `profile_img` varchar(255) DEFAULT NULL,
  `type` int DEFAULT NULL,
  `user_id` varchar(255) NOT NULL,
  PRIMARY KEY (`id`),
  UNIQUE KEY `UK_n2qryhkfoqeel6njfhrcq6k7u` (`phone_number`),
  UNIQUE KEY `UK_a9bw6sk85ykh4bacjpu0ju5f6` (`user_id`)
) ENGINE=InnoDB AUTO_INCREMENT=28 DEFAULT CHARSET=utf8mb4 COLLATE=utf8mb4_0900_ai_ci;
/*!40101 SET character_set_client = @saved_cs_client */;

--
-- Dumping data for table `member`
--

LOCK TABLES `member` WRITE;
/*!40000 ALTER TABLE `member` DISABLE KEYS */;
INSERT INTO `member` VALUES (1,'709800',NULL,'김정희','$2a$10$zg6RrwjQ8J78r5JE2.5BCuxhMNFRKhnnBvY01NtLpPUwJ.zMXeGr6','01056409021',23817,'https://s3-hotsix.s3.ap-northeast-2.amazonaws.com/finballProfile/%EA%BD%83%EC%83%81%EC%A0%90.jfif',1,'spor1998'),(2,'111111',NULL,'하성호','$2a$10$2w04XiD5P7IxZnSSNr2w3.Oy/lSYIROfr5t2fpnIy5DkUa30pXkUq','01066914215',0,'https://s3-hotsix.s3.ap-northeast-2.amazonaws.com/finballProfile/%EA%B0%95%EC%95%84%EC%A7%80.jfif',1,'tjdghgk98'),(3,'111111',NULL,'서정희','$2a$10$KGJ/1M1XGl5WRBsKTz8mcuIbwFU2RZoSSuu4kE.m.QZVkpVSZEhJy','01025320292',736917,'https://s3-hotsix.s3.ap-northeast-2.amazonaws.com/finballProfile/%ED%95%91%ED%81%AC%EA%BD%83.jfif',1,'jungh1dang'),(4,'111111',NULL,'김영빈','$2a$10$RuRQNXFKGqUSyj9WN97C3O3RW5UNGkI3mTi2QtNb4ckDGblz65oae','01089663847',0,'https://s3-hotsix.s3.ap-northeast-2.amazonaws.com/finballProfile/%ED%95%91%ED%81%AC%ED%95%98%EB%8A%98.jfif',1,'test1234'),(5,'111111',NULL,'정현우','$2a$10$sewC9vQB0lJ5hJfYUBXZ3eLO.srdzxxwWmUJfj9/.I9gPTXe/8Bui','01039943264',0,'https://s3-hotsix.s3.ap-northeast-2.amazonaws.com/finballProfile/%ED%92%8D%EC%B0%A8.jfif',1,'bb'),(6,'111111',NULL,'신현탁','$2a$10$HqG1.9bAJTtmSPiRkL0uquboIfKmjxAB8jEOo1bTDLKMrE48I90ia','01094968922',820000,'https://s3-hotsix.s3.ap-northeast-2.amazonaws.com/finballProfile/%EC%96%B4%EB%91%90%EC%9B%8C%EC%A7%80%EA%B8%B0%EC%A0%84%EA%B0%80%EB%A1%9C%EB%93%B1.jfif',1,'coco12'),(7,NULL,NULL,'나는 핀볼','$2a$10$Zq.l47EwikXdmFoJj72NyeC9jiBvEeHNKw90HLKJt7BVCITu.ORoq','01056409022',0,'https://s3-hotsix.s3.ap-northeast-2.amazonaws.com/finballProfile/%EA%B5%AC%EB%B6%88%EA%B5%AC%EB%B6%88%EB%8F%84%EB%A1%9C.jfif',1,'qwer123'),(8,NULL,NULL,'최예림','$2a$10$ec22oXXYBEmU49au.9ZIlOeSuUh1MQmfOFv/jBwRmdL.USDj8PYTS','01012341234',0,'https://s3-hotsix.s3.ap-northeast-2.amazonaws.com/finballProfile/%EC%9B%83%EB%8A%94%EC%BF%A0%ED%82%A4.jfif',1,'yachu0622'),(13,NULL,NULL,'test1998','$2a$10$kkEMR.hxrHZnYva8TYEAJ.cJonmSqHL.A43CFHYPGvl/85mA/Ng1K','01012341294',0,'https://s3-hotsix.s3.ap-northeast-2.amazonaws.com/finballProfile/%EC%97%90%ED%8E%A0%ED%83%91.jfif',1,'test1998'),(14,'111111',NULL,'킴영빈','$2a$10$uqsPwuh1qRl8cMKFQQFR2OOC1Eh0dzCXCD4bTiGqHOWCHz5fntp9.','01089663844',3000,'https://s3-hotsix.s3.ap-northeast-2.amazonaws.com/finballProfile/%EC%95%88%EA%B0%9C.jfif',1,'test123123'),(15,'111111',NULL,'캄영빈','$2a$10$AcetSqDfq8nFv4x6ZRlaquLUeBGOBX2xAj6Ttl0mocO8tm7eC8GIi','01089663842',0,'https://s3-hotsix.s3.ap-northeast-2.amazonaws.com/finballProfile/%EB%82%99%ED%95%98%EC%82%B0%ED%95%98%EB%8A%98.jfif',1,'jybin96123'),(16,NULL,NULL,'서졍희','$2a$10$z213KH9dH/7sg/.ihGxJ8uxGw8YRENmxjJLsHFG6Z4CGnUFya/X5u','01099999999',1784,'https://s3-hotsix.s3.ap-northeast-2.amazonaws.com/finballProfile/%EB%82%99%ED%95%98%EC%82%B0%ED%95%98%EB%8A%98.jfif',1,'jungh2dang'),(18,NULL,NULL,'하싸피','$2a$10$IYpeuLkW5YnOe.sq0eVCJeKbmurwkvksbpMH9uPm7o3D2YXVbnO8q','01026914215',0,'https://s3-hotsix.s3.ap-northeast-2.amazonaws.com/finballProfile/%EC%82%B0%EA%B3%BC%ED%95%98%EB%8A%98.jfif',1,'hassafy'),(19,NULL,NULL,'노창현','$2a$10$Z/Co0iAjfj52m9dc9rj6FO./280S6J8MQJL9V/jTTDwm7vhRYedAq','01022222222',0,'https://s3-hotsix.s3.ap-northeast-2.amazonaws.com/finballProfile/%EB%B9%9B%EC%9D%84%EB%B0%9B%EB%8A%94%EC%9C%A0%EB%A6%AC%EC%9E%94%EB%93%A4.jfif',1,'nonono'),(20,'111111',NULL,'친영빈','$2a$10$Y8N9PawKAHimL/6o1OOJHOkjiW7UnbdS6fzAIZVUUrz/v8Lz2rj4.','01089663891',0,'https://s3-hotsix.s3.ap-northeast-2.amazonaws.com/finballProfile/%EC%84%9D%EC%96%91%EA%B3%BC%ED%9D%B0%ED%83%91.jfif',1,'jybin967'),(21,NULL,NULL,'구영빈','$2a$10$hILQCbtyP5SfrAgg3xqNVOlJX7UD8VqkSSN8yJJfuCNJxMoBN9jla','01089663828',0,'https://s3-hotsix.s3.ap-northeast-2.amazonaws.com/finballProfile/%EC%82%B0%EA%B3%BC%ED%95%98%EB%8A%98.jfif',1,'jybin961'),(22,NULL,NULL,'신영빈','$2a$10$yiBhOHOU2UczLDnxe4XZD.cywZM1j311fjn.GRq78M/yoXJQl7rXy','01089663838',0,'https://s3-hotsix.s3.ap-northeast-2.amazonaws.com/finballProfile/%EC%84%9D%EC%96%91%EA%B3%BC%ED%9D%B0%ED%83%91.jfif',1,'jybin969'),(26,'111111',NULL,'정영빈','$2a$10$Zw.oBmqUBVuZaOJ2z.qwFu8AcQkCCfuQSb8gzCnqRR0Mk3WN69sJy','01089663848',0,'https://s3-hotsix.s3.ap-northeast-2.amazonaws.com/finballProfile/%ED%95%91%ED%81%AC%ED%95%98%EB%8A%98.jfif',1,'jybin96'),(27,NULL,NULL,'싸피하','$2a$10$4kMgah6Y5KtrZGgxvS.1Uue2LEFvat6iVx.FUowDHDMAn9R2TilOO','01066924215',0,'https://s3-hotsix.s3.ap-northeast-2.amazonaws.com/finballProfile/%EC%97%90%ED%8E%A0%ED%83%91.jfif',1,'ssafyha123');
/*!40000 ALTER TABLE `member` ENABLE KEYS */;
UNLOCK TABLES;

--
-- Table structure for table `point_history`
--

DROP TABLE IF EXISTS `point_history`;
/*!40101 SET @saved_cs_client     = @@character_set_client */;
/*!50503 SET character_set_client = utf8mb4 */;
CREATE TABLE `point_history` (
  `id` bigint NOT NULL AUTO_INCREMENT,
  `value` bigint DEFAULT NULL,
  `member_id` bigint DEFAULT NULL,
  `skin_id` bigint DEFAULT NULL,
  PRIMARY KEY (`id`),
  KEY `FK1g4cooljhwgvyio9yvq7j63jb` (`member_id`),
  KEY `FKgh7mbhj5ai2wxpttphig4ntk1` (`skin_id`),
  CONSTRAINT `FK1g4cooljhwgvyio9yvq7j63jb` FOREIGN KEY (`member_id`) REFERENCES `member` (`id`),
  CONSTRAINT `FKgh7mbhj5ai2wxpttphig4ntk1` FOREIGN KEY (`skin_id`) REFERENCES `skin` (`id`)
) ENGINE=InnoDB DEFAULT CHARSET=utf8mb4 COLLATE=utf8mb4_0900_ai_ci;
/*!40101 SET character_set_client = @saved_cs_client */;

--
-- Dumping data for table `point_history`
--

LOCK TABLES `point_history` WRITE;
/*!40000 ALTER TABLE `point_history` DISABLE KEYS */;
/*!40000 ALTER TABLE `point_history` ENABLE KEYS */;
UNLOCK TABLES;

--
-- Table structure for table `skin`
--

DROP TABLE IF EXISTS `skin`;
/*!40101 SET @saved_cs_client     = @@character_set_client */;
/*!50503 SET character_set_client = utf8mb4 */;
CREATE TABLE `skin` (
  `id` bigint NOT NULL AUTO_INCREMENT,
  `image` varchar(255) DEFAULT NULL,
  `name` varchar(255) DEFAULT NULL,
  `value` int DEFAULT NULL,
  PRIMARY KEY (`id`)
) ENGINE=InnoDB AUTO_INCREMENT=6 DEFAULT CHARSET=utf8mb4 COLLATE=utf8mb4_0900_ai_ci;
/*!40101 SET character_set_client = @saved_cs_client */;

--
-- Dumping data for table `skin`
--

LOCK TABLES `skin` WRITE;
/*!40000 ALTER TABLE `skin` DISABLE KEYS */;
INSERT INTO `skin` VALUES (1,'https://s3-hotsix.s3.ap-northeast-2.amazonaws.com/images/chrome+(1).png','크롬',1000),(2,'https://s3-hotsix.s3.ap-northeast-2.amazonaws.com/images/docker+(1).png','도커',2000),(3,'https://s3-hotsix.s3.ap-northeast-2.amazonaws.com/images/poke.png','포켓몬볼',30000),(4,'https://s3-hotsix.s3.ap-northeast-2.amazonaws.com/images/dogi.png','도지코인',50000),(5,'https://s3-hotsix.s3.ap-northeast-2.amazonaws.com/images/%ED%95%80%EB%B3%BC.png','기본',0);
/*!40000 ALTER TABLE `skin` ENABLE KEYS */;
UNLOCK TABLES;

--
-- Dumping routines for database 'finball'
--
/*!40103 SET TIME_ZONE=@OLD_TIME_ZONE */;

/*!40101 SET SQL_MODE=@OLD_SQL_MODE */;
/*!40014 SET FOREIGN_KEY_CHECKS=@OLD_FOREIGN_KEY_CHECKS */;
/*!40014 SET UNIQUE_CHECKS=@OLD_UNIQUE_CHECKS */;
/*!40101 SET CHARACTER_SET_CLIENT=@OLD_CHARACTER_SET_CLIENT */;
/*!40101 SET CHARACTER_SET_RESULTS=@OLD_CHARACTER_SET_RESULTS */;
/*!40101 SET COLLATION_CONNECTION=@OLD_COLLATION_CONNECTION */;
/*!40111 SET SQL_NOTES=@OLD_SQL_NOTES */;

-- Dump completed on 2023-10-05 14:26:21
