-- MySQL dump 10.13  Distrib 8.0.34, for Win64 (x86_64)
--
-- Host: j9e106.p.ssafy.io    Database: mydata
-- ------------------------------------------------------
-- Server version	8.1.0

/*!40101 SET @OLD_CHARACTER_SET_CLIENT=@@CHARACTER_SET_CLIENT */;
/*!40101 SET @OLD_CHARACTER_SET_RESULTS=@@CHARACTER_SET_RESULTS */;
/*!40101 SET @OLD_COLLATION_CONNECTION=@@COLLATION_CONNECTION */;
/*!50503 SET NAMES utf8mb4 */;
/*!40103 SET @OLD_TIME_ZONE=@@TIME_ZONE */;
/*!40103 SET TIME_ZONE='+00:00' */;
/*!40014 SET @OLD_UNIQUE_CHECKS=@@UNIQUE_CHECKS, UNIQUE_CHECKS=0 */;
/*!40014 SET @OLD_FOREIGN_KEY_CHECKS=@@FOREIGN_KEY_CHECKS, FOREIGN_KEY_CHECKS=0 */;
/*!40101 SET @OLD_SQL_MODE=@@SQL_MODE, SQL_MODE='NO_AUTO_VALUE_ON_ZERO' */;
/*!40111 SET @OLD_SQL_NOTES=@@SQL_NOTES, SQL_NOTES=0 */;

--
-- Table structure for table `account`
--

DROP TABLE IF EXISTS `account`;
/*!40101 SET @saved_cs_client     = @@character_set_client */;
/*!50503 SET character_set_client = utf8mb4 */;
CREATE TABLE `account` (
  `account_no` varchar(255) NOT NULL,
  `balance` bigint DEFAULT NULL,
  `closed_at` datetime(6) DEFAULT NULL,
  `created_at` datetime(6) DEFAULT NULL,
  `name` varchar(255) DEFAULT NULL,
  `company_code` bigint DEFAULT NULL,
  `member_id` bigint DEFAULT NULL,
  `origin_no` varchar(255) DEFAULT NULL,
  PRIMARY KEY (`account_no`),
  KEY `FKopa3bis57o6m1yk2w9ad570w9` (`company_code`),
  KEY `FK6aoqsxt9hh32wbnn0t4rbmy98` (`member_id`),
  CONSTRAINT `FK6aoqsxt9hh32wbnn0t4rbmy98` FOREIGN KEY (`member_id`) REFERENCES `member` (`id`),
  CONSTRAINT `FKopa3bis57o6m1yk2w9ad570w9` FOREIGN KEY (`company_code`) REFERENCES `company` (`code`)
) ENGINE=InnoDB DEFAULT CHARSET=utf8mb4 COLLATE=utf8mb4_0900_ai_ci;
/*!40101 SET character_set_client = @saved_cs_client */;

--
-- Dumping data for table `account`
--

LOCK TABLES `account` WRITE;
/*!40000 ALTER TABLE `account` DISABLE KEYS */;
INSERT INTO `account` VALUES ('0584-92-9502797-9',85000,NULL,'2023-09-24 16:55:39.692000','KB마이핏통장',3,1,'05849295027979'),('100-35691373-5',0,NULL,'2023-09-24 16:56:09.034000','토스뱅크 통장',12,4,'100356913735'),('120-03492024-8',0,NULL,'2023-09-24 16:56:08.005000','저축예금',19,4,'120034920248'),('150-91452389-8',636000,NULL,'2023-09-24 16:56:16.189000','토스뱅크 통장',12,6,'150914523898'),('3004-137-620134',61720,NULL,'2023-09-24 16:55:57.336000','첫급여 우리통장',7,2,'3004137620134'),('3333-18-0001645',0,NULL,'2023-09-24 16:55:52.791000','입출금통장',10,1,'3333180001645'),('3335-61-7890128',835730,NULL,'2023-09-24 16:56:13.400000','기록통장',10,5,'3335617890128'),('395-05-03412-1',2113,NULL,'2023-09-24 16:55:56.206000','NH올원e예금',5,2,'39505034121'),('4492-37-217756-9',0,NULL,'2023-09-24 16:56:07.060000','화수분통장',18,4,'4492372177569'),('539-05571-24-9-69',0,NULL,'2023-09-24 16:55:51.487000','모을수록 오르는 Max통장',9,1,'5390557124969'),('590-06-09925-2',240300,NULL,'2023-09-24 16:56:02.502000','NH올원e예금',5,3,'59006099252'),('600-10-200749',30000,NULL,'2023-09-24 16:56:04.480000','SC제일 마이시그니처통장',20,3,'60010200749'),('600-847430-389',0,NULL,'2023-09-24 16:56:17.202000','급여하나 통장',8,6,'600847430389'),('690-13-707135-3',3477089,NULL,'2023-09-24 16:56:03.508000','i-ONE U 통장',4,3,'690137071353'),('6963-92-8506781-7',0,NULL,'2023-09-24 16:56:12.279000','직장인우대통장',3,5,'69639285067817'),('747-13-319691-0',0,NULL,'2023-09-24 16:56:11.300000','IBK 도토리통장',4,5,'747133196910'),('863-01-437279-3',6111,NULL,'2023-09-24 16:55:58.715000','BNK행복지킴이통장',16,2,'863014372793'),('951-06-277437-0',0,NULL,'2023-09-24 16:56:18.120000','IBK 늘푸른하늘통장',4,6,'951062774370');
/*!40000 ALTER TABLE `account` ENABLE KEYS */;
UNLOCK TABLES;

--
-- Table structure for table `card`
--

DROP TABLE IF EXISTS `card`;
/*!40101 SET @saved_cs_client     = @@character_set_client */;
/*!50503 SET character_set_client = utf8mb4 */;
CREATE TABLE `card` (
  `card_no` varchar(255) NOT NULL,
  `image` varchar(255) DEFAULT NULL,
  `name` varchar(255) DEFAULT NULL,
  `company_code` bigint DEFAULT NULL,
  `member_id` bigint DEFAULT NULL,
  `company_id` bigint DEFAULT NULL,
  PRIMARY KEY (`card_no`),
  KEY `FKlr9hsu2mylbcguo9dhm8740q3` (`company_code`),
  KEY `FKgy72yyc2g3iu72gg37b1vimo` (`member_id`),
  CONSTRAINT `FKgy72yyc2g3iu72gg37b1vimo` FOREIGN KEY (`member_id`) REFERENCES `member` (`id`),
  CONSTRAINT `FKlr9hsu2mylbcguo9dhm8740q3` FOREIGN KEY (`company_code`) REFERENCES `company` (`code`)
) ENGINE=InnoDB DEFAULT CHARSET=utf8mb4 COLLATE=utf8mb4_0900_ai_ci;
/*!40101 SET character_set_client = @saved_cs_client */;

--
-- Dumping data for table `card`
--

LOCK TABLES `card` WRITE;
/*!40000 ALTER TABLE `card` DISABLE KEYS */;
INSERT INTO `card` VALUES ('4045-7703-0002-2532','https://s3-hotsix.s3.ap-northeast-2.amazonaws.com/images/%EB%84%A4%EC%9D%B4%EB%B2%84%ED%98%84%EB%8C%80-%EB%B0%B0%EA%B2%BD.png','네이버 현대카드',26,6,NULL),('4553-2004-3695-5520','https://s3-hotsix.s3.ap-northeast-2.amazonaws.com/images2/K-FIRST.png','K-FIRST',27,3,NULL),('4553-2012-6361-2653','https://s3-hotsix.s3.ap-northeast-2.amazonaws.com/images2/K-FIRST.png','K-FIRST',27,2,NULL),('4553-2080-3061-2601','https://s3-hotsix.s3.ap-northeast-2.amazonaws.com/images2/K-FIRST.png','K-FIRST',27,2,NULL),('4617-7134-5690-0980','https://s3-hotsix.s3.ap-northeast-2.amazonaws.com/images2/1Q+Daily%2B.png','1Q Daily+',29,2,NULL),('4617-7171-2085-2946','https://s3-hotsix.s3.ap-northeast-2.amazonaws.com/images2/1Q+Daily%2B.png','1Q Daily+',29,5,NULL),('4730-5957-6837-1737','https://s3-hotsix.s3.ap-northeast-2.amazonaws.com/images2/%EC%9C%84%EC%B9%B4%EB%93%9C.png','위카드',28,3,NULL),('4788-9222-0978-3849','https://s3-hotsix.s3.ap-northeast-2.amazonaws.com/images2/%EC%8B%A0%ED%95%9C%EC%B9%B4%EB%93%9C+Deep+Dream+Platinum%2B.png','신한카드 Deep Dream Platinum+',25,4,NULL),('4788-9231-0597-5277','https://s3-hotsix.s3.ap-northeast-2.amazonaws.com/images2/%EC%8B%A0%ED%95%9C%EC%B9%B4%EB%93%9C+Deep+Dream+Platinum%2B.png','신한카드 Deep Dream Platinum+',25,5,NULL),('4890-1678-3509-6525','https://s3-hotsix.s3.ap-northeast-2.amazonaws.com/images/%ED%98%84%EB%8C%80%EC%A0%9C%EB%A1%9C2-%EB%B0%B0%EA%B2%BD.png','현대카드ZERO Edition2',26,4,NULL),('5137-9291-7354-5215','https://s3-hotsix.s3.ap-northeast-2.amazonaws.com/images/likit12.png','LOCA LIKIT 1.2',23,4,NULL),('5239-3093-4722-9736','https://s3-hotsix.s3.ap-northeast-2.amazonaws.com/images/%ED%98%84%EB%8C%80%EC%A0%9C%EB%A1%9C2-%EB%B0%B0%EA%B2%BD.png','현대카드ZERO Edition2',26,4,NULL),('5342-9217-1717-7954','https://s3-hotsix.s3.ap-northeast-2.amazonaws.com/images2/%EB%A1%AF%EB%8D%B0+%EA%B5%AD%EB%AF%BC%ED%96%89%EB%B3%B5%EC%B9%B4%EB%93%9C.png','롯데 국민행복카드',23,3,NULL),('5342-9298-8204-3777','https://s3-hotsix.s3.ap-northeast-2.amazonaws.com/images2/%EB%A1%AF%EB%8D%B0+%EA%B5%AD%EB%AF%BC%ED%96%89%EB%B3%B5%EC%B9%B4%EB%93%9C.png','롯데 국민행복카드',23,6,NULL),('5361-4875-8533-7432','https://s3-hotsix.s3.ap-northeast-2.amazonaws.com/images2/%EC%82%BC%EC%84%B1%EC%B9%B4%EB%93%9C+taptap+O.png','삼성카드 taptap O',22,2,NULL),('5361-4878-2612-7705','https://s3-hotsix.s3.ap-northeast-2.amazonaws.com/images2/%EC%82%BC%EC%84%B1%EC%B9%B4%EB%93%9C+taptap+O.png','삼성카드 taptap O',22,6,NULL),('5366-4818-5606-4560','https://s3-hotsix.s3.ap-northeast-2.amazonaws.com/images2/taptap+DIGITAL.png','taptap DIGITAL',22,6,NULL),('5377-2094-8290-1568','https://s3-hotsix.s3.ap-northeast-2.amazonaws.com/images2/%EB%B6%80%EC%9E%90%EB%90%98%EC%84%B8%EC%9A%94+%EB%8D%A4%EC%B9%B4%EB%93%9C.png','부자되세요 덤카드',27,5,NULL),('5409-2619-5608-7187','https://s3-hotsix.s3.ap-northeast-2.amazonaws.com/images2/FINETECH%EC%B9%B4%EB%93%9C.png','FINETECH카드',21,6,NULL),('5461-1224-7869-6254','https://s3-hotsix.s3.ap-northeast-2.amazonaws.com/images2/NH%EC%98%AC%EC%9B%90%EC%B9%B4%EB%93%9C.png','NH올원카드',28,2,NULL),('5461-1271-7984-1821','https://s3-hotsix.s3.ap-northeast-2.amazonaws.com/images2/%23ing%2B(%EC%83%B5%ED%95%91%ED%94%8C%EB%9F%AC%EC%8A%A4)%EC%B9%B4%EB%93%9C.png','#ing+(샵핑플러스)카드',28,5,NULL),('5570-4243-1798-0462','https://s3-hotsix.s3.ap-northeast-2.amazonaws.com/images2/%EC%B2%AD%EC%B6%98%EB%8C%80%EB%A1%9C.png','청춘대로 톡톡카드',21,3,NULL),('5570-4244-9620-7942','https://s3-hotsix.s3.ap-northeast-2.amazonaws.com/images2/%EC%B2%AD%EC%B6%98%EB%8C%80%EB%A1%9C.png','청춘대로 톡톡카드',21,4,NULL);
/*!40000 ALTER TABLE `card` ENABLE KEYS */;
UNLOCK TABLES;

--
-- Table structure for table `company`
--

DROP TABLE IF EXISTS `company`;
/*!40101 SET @saved_cs_client     = @@character_set_client */;
/*!50503 SET character_set_client = utf8mb4 */;
CREATE TABLE `company` (
  `code` bigint NOT NULL AUTO_INCREMENT,
  `cp_logo` varchar(255) DEFAULT NULL,
  `cp_name` varchar(255) DEFAULT NULL,
  `cp_type` varchar(255) DEFAULT NULL,
  `id` bigint NOT NULL,
  `cp_code` bigint DEFAULT NULL,
  PRIMARY KEY (`code`)
) ENGINE=InnoDB AUTO_INCREMENT=107 DEFAULT CHARSET=utf8mb4 COLLATE=utf8mb4_0900_ai_ci;
/*!40101 SET character_set_client = @saved_cs_client */;

--
-- Dumping data for table `company`
--

LOCK TABLES `company` WRITE;
/*!40000 ALTER TABLE `company` DISABLE KEYS */;
INSERT INTO `company` VALUES (1,'https://tunkcalb.s3.ap-northeast-2.amazonaws.com/images/%EC%8B%A0%ED%95%9C.png','신한','은행사',0,NULL),(2,'https://tunkcalb.s3.ap-northeast-2.amazonaws.com/images/%EC%8B%A0%ED%95%9C.png','제주','은행사',0,NULL),(3,'https://tunkcalb.s3.ap-northeast-2.amazonaws.com/images/%EA%B5%AD%EB%AF%BC.png','국민','은행사',0,NULL),(4,'https://tunkcalb.s3.ap-northeast-2.amazonaws.com/images/%EA%B8%B0%EC%97%85.png','기업','은행사',0,NULL),(5,'https://tunkcalb.s3.ap-northeast-2.amazonaws.com/images/%EB%86%8D%ED%98%91.png','농협','은행사',0,NULL),(6,'https://tunkcalb.s3.ap-northeast-2.amazonaws.com/images/%EC%88%98%ED%98%91.png','수협','은행사',0,NULL),(7,'https://tunkcalb.s3.ap-northeast-2.amazonaws.com/images/%EC%9A%B0%EB%A6%AC.png','우리','은행사',0,NULL),(8,'https://tunkcalb.s3.ap-northeast-2.amazonaws.com/images/%ED%95%98%EB%82%98.png','하나','은행사',0,NULL),(9,'https://tunkcalb.s3.ap-northeast-2.amazonaws.com/images/%EC%94%A8%ED%8B%B0%EC%9D%80%ED%96%89.png','한국씨티','은행사',0,NULL),(10,'https://tunkcalb.s3.ap-northeast-2.amazonaws.com/images/%EC%B9%B4%EC%B9%B4%EC%98%A4%EB%B1%85%ED%81%AC.png','카카오뱅크','은행사',0,NULL),(11,'https://tunkcalb.s3.ap-northeast-2.amazonaws.com/images/%EC%BC%80%EC%9D%B4%EB%B1%85%ED%81%AC.png','케이뱅크','은행사',0,NULL),(12,'https://tunkcalb.s3.ap-northeast-2.amazonaws.com/images/%ED%86%A0%EC%8A%A4.png','토스뱅크','은행사',0,NULL),(13,'https://tunkcalb.s3.ap-northeast-2.amazonaws.com/images/%EB%B6%80%EC%82%B0%EC%9D%80%ED%96%89.png','경남','은행사',0,NULL),(14,'https://tunkcalb.s3.ap-northeast-2.amazonaws.com/images/%EC%A0%84%EB%B6%81.png','광주','은행사',0,NULL),(15,'https://tunkcalb.s3.ap-northeast-2.amazonaws.com/images/%EB%8C%80%EA%B5%AC%EC%9D%80%ED%96%89.png','대구','은행사',0,NULL),(16,'https://tunkcalb.s3.ap-northeast-2.amazonaws.com/images/%EB%B6%80%EC%82%B0%EC%9D%80%ED%96%89.png','부산','은행사',0,NULL),(17,'https://tunkcalb.s3.ap-northeast-2.amazonaws.com/images/%EC%A0%84%EB%B6%81.png','전북','은행사',0,NULL),(18,'https://tunkcalb.s3.ap-northeast-2.amazonaws.com/images/%EC%83%88%EB%A7%88%EC%9D%84%EA%B8%88%EA%B3%A0.png','새마을','은행사',0,NULL),(19,'https://tunkcalb.s3.ap-northeast-2.amazonaws.com/images/%EC%9A%B0%EC%B2%B4%EA%B5%AD.png','우체국','은행사',0,NULL),(20,'https://tunkcalb.s3.ap-northeast-2.amazonaws.com/images/SC%EC%A0%9C%EC%9D%BC.png','SC제일','은행사',0,NULL),(21,'https://s3-hotsix.s3.ap-northeast-2.amazonaws.com/images/%EA%B5%AD%EB%AF%BC.png','KB카드','카드사',0,NULL),(22,'https://s3-hotsix.s3.ap-northeast-2.amazonaws.com/images/%EC%82%BC%EC%84%B1.png','삼성카드','카드사',0,NULL),(23,'https://s3-hotsix.s3.ap-northeast-2.amazonaws.com/images/%EB%A1%AF%EB%8D%B0.png','롯데카드','카드사',0,NULL),(24,'https://s3-hotsix.s3.ap-northeast-2.amazonaws.com/images/%EC%9A%B0%EB%A6%AC.png','우리카드','카드사',0,NULL),(25,'https://s3-hotsix.s3.ap-northeast-2.amazonaws.com/images/%EC%8B%A0%ED%95%9C.png','신한카드','카드사',0,NULL),(26,'https://s3-hotsix.s3.ap-northeast-2.amazonaws.com/images/%ED%98%84%EB%8C%80.png','현대카드','카드사',0,NULL),(27,'https://s3-hotsix.s3.ap-northeast-2.amazonaws.com/images/%EB%B9%84%EC%94%A8.png','BC카드','카드사',0,NULL),(28,'https://s3-hotsix.s3.ap-northeast-2.amazonaws.com/images/%EB%86%8D%ED%98%91.png','NH카드','카드사',0,NULL),(29,'https://s3-hotsix.s3.ap-northeast-2.amazonaws.com/images/%ED%95%98%EB%82%98.png','하나카드','카드사',0,NULL),(106,'https://s3-hotsix.s3.ap-northeast-2.amazonaws.com/images/%ED%95%80%EB%B3%BC.png','핀볼','은행사',0,NULL);
/*!40000 ALTER TABLE `company` ENABLE KEYS */;
UNLOCK TABLES;

--
-- Table structure for table `member`
--

DROP TABLE IF EXISTS `member`;
/*!40101 SET @saved_cs_client     = @@character_set_client */;
/*!50503 SET character_set_client = utf8mb4 */;
CREATE TABLE `member` (
  `id` bigint NOT NULL AUTO_INCREMENT,
  `name` varchar(255) DEFAULT NULL,
  `password` varchar(255) DEFAULT NULL,
  `registration_number` varchar(255) DEFAULT NULL,
  `roles` varchar(255) DEFAULT NULL,
  PRIMARY KEY (`id`)
) ENGINE=InnoDB AUTO_INCREMENT=7 DEFAULT CHARSET=utf8mb4 COLLATE=utf8mb4_0900_ai_ci;
/*!40101 SET character_set_client = @saved_cs_client */;

--
-- Dumping data for table `member`
--

LOCK TABLES `member` WRITE;
/*!40000 ALTER TABLE `member` DISABLE KEYS */;
INSERT INTO `member` VALUES (1,'정영빈','$2a$10$QdfdAVXuMbNWKeq5IywljeUVSKqkHRCizr/Tdo01goppoW2H8e1wK','9610021812345','ROLE_USER'),(2,'하성호','$2a$10$jXLr6A8ermbCqqLqRI.RUOcAd5PYxeG/QBIKMOo1tER4DVmQspHQW','9812021812345','ROLE_USER'),(3,'김정희','$2a$10$GrAOg3zlnV.OhgHqhWge7ugFharwN1gROpcvHwwDvfPDdW67G7oq2','9802271812345','ROLE_USER'),(4,'정현우','$2a$10$YZfT/V7QyMQCXGbplV.rBeWXsiVN4kakRmMkHmNAx9R53MnbB44G2','9606211812345','ROLE_USER'),(5,'서정희','$2a$10$7S6H6RLVY95ArsB6XX0CA.fg5K81W5r9keFFec2El1K4oD3z71jxq','9501232812345','ROLE_USER'),(6,'신현탁','$2a$10$DZ42z7bm5cpjZ9/o3XgnweIecVO1jVAJvw9hbrdxIcWushi.gMP/2','9607211812345','ROLE_USER');
/*!40000 ALTER TABLE `member` ENABLE KEYS */;
UNLOCK TABLES;

--
-- Table structure for table `trade_history`
--

DROP TABLE IF EXISTS `trade_history`;
/*!40101 SET @saved_cs_client     = @@character_set_client */;
/*!50503 SET character_set_client = utf8mb4 */;
CREATE TABLE `trade_history` (
  `id` bigint NOT NULL AUTO_INCREMENT,
  `date` date DEFAULT NULL,
  `op_account_no` varchar(255) DEFAULT NULL,
  `remain` bigint DEFAULT NULL,
  `target` varchar(255) DEFAULT NULL,
  `time` time DEFAULT NULL,
  `type` int DEFAULT NULL,
  `value` bigint DEFAULT NULL,
  `account_account_no` varchar(255) DEFAULT NULL,
  `company_code` bigint DEFAULT NULL,
  `company_id` bigint DEFAULT NULL,
  PRIMARY KEY (`id`),
  KEY `FK3b8rs1vqamt2ys63c9xtl83cb` (`account_account_no`),
  KEY `FK305uss1ariyftyg6uwbv1vb18` (`company_code`),
  CONSTRAINT `FK305uss1ariyftyg6uwbv1vb18` FOREIGN KEY (`company_code`) REFERENCES `company` (`code`),
  CONSTRAINT `FK3b8rs1vqamt2ys63c9xtl83cb` FOREIGN KEY (`account_account_no`) REFERENCES `account` (`account_no`)
) ENGINE=InnoDB AUTO_INCREMENT=487 DEFAULT CHARSET=utf8mb4 COLLATE=utf8mb4_0900_ai_ci;
/*!40101 SET character_set_client = @saved_cs_client */;

--
-- Dumping data for table `trade_history`
--

LOCK TABLES `trade_history` WRITE;
/*!40000 ALTER TABLE `trade_history` DISABLE KEYS */;
INSERT INTO `trade_history` VALUES (6,'2023-09-25','10430-510910-425',1100,'김정희','09:44:47',0,1100,'3004-137-620134',106,NULL),(7,'2023-09-25','10430-510910-425',0,'김정희','03:01:56',1,1100,'3004-137-620134',106,NULL),(8,'2023-09-25','10430-510910-425',1100,'김정희','03:02:40',0,1100,'3004-137-620134',106,NULL),(9,'2023-09-25','10430-510910-425',0,'김정희','03:02:47',1,1100,'3004-137-620134',106,NULL),(11,'2023-09-25','600-10-200749',-50000,'KimJeonghui','08:06:18',1,50000,'590-06-09925-2',20,NULL),(12,'2023-09-25','590-06-09925-2',50000,'김정희','08:06:18',0,50000,'600-10-200749',5,NULL),(13,'2023-09-25','600-10-200749',-100000,'KimJeonghui','08:09:46',1,50000,'590-06-09925-2',20,NULL),(14,'2023-09-25','590-06-09925-2',100000,'김정희','08:09:46',0,50000,'600-10-200749',5,NULL),(15,'2023-09-25','600-10-200749',-150000,'KimJeonghui','14:19:34',1,50000,'590-06-09925-2',20,NULL),(16,'2023-09-25','590-06-09925-2',150000,'김정희','14:19:34',0,50000,'600-10-200749',5,NULL),(17,'2023-09-25','600-10-200749',-200000,'KimJeonghui','14:19:36',1,50000,'590-06-09925-2',20,NULL),(18,'2023-09-25','590-06-09925-2',200000,'김정희','14:19:36',0,50000,'600-10-200749',5,NULL),(19,'2023-09-25','590-06-09925-2',150000,NULL,'17:38:09',1,50000,'600-10-200749',5,NULL),(20,'2023-09-25','600-10-200749',-150000,'김정희','17:38:09',0,50000,'590-06-09925-2',20,NULL),(21,'2023-09-25','690-13-707135-3',90000,'김정희','17:45:10',1,60000,'600-10-200749',4,NULL),(22,'2023-09-25','600-10-200749',60000,'김정희','17:45:10',0,60000,'690-13-707135-3',20,NULL),(23,'2023-09-25','590-06-09925-2',40000,'김정희','17:48:44',1,50000,'600-10-200749',5,NULL),(24,'2023-09-25','600-10-200749',-100000,'김정희','17:48:44',0,50000,'590-06-09925-2',20,NULL),(25,'2023-09-26','590-06-09925-2',-10078,'김정희','01:13:02',1,50078,'600-10-200749',5,NULL),(26,'2023-09-26','600-10-200749',-49922,'김정희','01:13:02',0,50078,'590-06-09925-2',20,NULL),(27,'2023-09-26','600-10-200749',50000,'김정희','03:46:53',1,10000,'690-13-707135-3',20,NULL),(28,'2023-09-26','690-13-707135-3',-78,'김정희','03:46:53',0,10000,'600-10-200749',4,NULL),(29,'2023-09-26','600-10-200749',40000,'김정희','03:48:24',1,10000,'690-13-707135-3',20,NULL),(30,'2023-09-26','690-13-707135-3',9922,'김정희','03:48:25',0,10000,'600-10-200749',4,NULL),(31,'2023-09-26','600-10-200749',30000,'김정희','05:17:55',1,10000,'690-13-707135-3',20,NULL),(32,'2023-09-26','690-13-707135-3',19922,'김정희','05:17:55',0,10000,'600-10-200749',4,NULL),(33,'2023-09-26','590-06-09925-2',9916,'김정희','06:29:19',1,10006,'600-10-200749',5,NULL),(34,'2023-09-26','600-10-200749',-39916,'김정희','06:29:19',0,10006,'590-06-09925-2',20,NULL),(35,'2023-09-26','590-06-09925-2',0,'김정희','07:10:50',1,9916,'600-10-200749',5,NULL),(36,'2023-09-26','600-10-200749',-30000,'김정희','07:10:50',0,9916,'590-06-09925-2',20,NULL),(37,'2023-09-26','951-06-277437-0',0,NULL,'07:13:04',1,30000,'690-13-707135-3',4,NULL),(38,'2023-09-26','690-13-707135-3',30000,'김정희','07:13:04',0,30000,'951-06-277437-0',4,NULL),(39,'2023-09-26','690-13-707135-3',-5800774,'김정희','08:42:50',1,5800774,'600-10-200749',4,NULL),(40,'2023-09-26','600-10-200749',5800774,'김정희','08:42:50',0,5800774,'690-13-707135-3',20,NULL),(41,'2023-09-26','26874-305565-996',5750774,'KimJeonghui','14:54:03',1,50000,'690-13-707135-3',106,NULL),(42,'2023-09-26','26874-305565-996',5250774,'KimJeonghui','14:54:37',1,500000,'690-13-707135-3',106,NULL),(43,'2023-09-26','26874-305565-996',5250651,'KimJeonghui','14:56:23',1,123,'690-13-707135-3',106,NULL),(44,'2023-09-26','395-05-03412-1',-1211,'하성호','15:23:52',1,111,'3004-137-620134',5,NULL),(45,'2023-09-26','3004-137-620134',111,'하성호','15:23:52',0,111,'395-05-03412-1',7,NULL),(46,'2023-09-26','26874-305565-996',5245651,'KimJeonghui','16:06:10',1,5000,'690-13-707135-3',106,NULL),(47,'2023-09-27','26874-305565-996',5238651,'KimJeonghui','02:14:21',1,7000,'690-13-707135-3',106,NULL),(48,'2023-09-27','26874-305565-996',5231651,'KimJeonghui','02:14:29',1,7000,'690-13-707135-3',106,NULL),(49,'2023-09-27','26874-305565-996',5224651,'KimJeonghui','02:14:41',1,7000,'690-13-707135-3',106,NULL),(50,'2023-09-27','26874-305565-996',5217651,'KimJeonghui','02:16:30',1,7000,'690-13-707135-3',106,NULL),(51,'2023-09-27','600-10-200749',5210651,'김정희','02:17:19',1,7000,'690-13-707135-3',20,NULL),(52,'2023-09-27','690-13-707135-3',-5793774,'김정희','02:17:19',0,7000,'600-10-200749',4,NULL),(53,'2023-09-27','26874-305565-996',5202851,'KimJeonghui','02:17:33',1,7800,'690-13-707135-3',106,NULL),(54,'2023-09-27','26874-305565-996',5195051,'KimJeonghui','02:20:50',1,7800,'690-13-707135-3',106,NULL),(55,'2023-09-27','26874-305565-996',5194251,'KimJeonghui','02:33:15',1,800,'690-13-707135-3',106,NULL),(56,'2023-09-27','600-10-200749',5186251,'김정희','02:33:27',1,8000,'690-13-707135-3',20,NULL),(57,'2023-09-27','690-13-707135-3',-5785774,'김정희','02:33:27',0,8000,'600-10-200749',4,NULL),(58,'2023-09-27','26874-305565-996',5186193,'KimJeonghui','03:00:36',1,58,'690-13-707135-3',106,NULL),(59,'2023-09-27','3335-61-7890128',5136188,'서정희','06:41:51',1,50005,'690-13-707135-3',10,NULL),(60,'2023-09-27','690-13-707135-3',50005,'김정희','06:41:51',0,50005,'3335-61-7890128',4,NULL),(61,'2023-09-28','3335-61-7890128',5123963,'서정희','06:57:25',1,12225,'690-13-707135-3',10,NULL),(62,'2023-09-28','690-13-707135-3',62230,'김정희','06:57:25',0,12225,'3335-61-7890128',4,NULL),(63,'2023-09-28','26874-305565-996',5135963,'김정희','07:07:03',0,12000,'690-13-707135-3',106,NULL),(64,'2023-09-28','26874-305565-996',5140963,'김정희','08:16:33',0,5000,'690-13-707135-3',106,NULL),(65,'2023-09-28','26874-305565-996',5136963,'김정희','08:17:22',1,4000,'690-13-707135-3',106,NULL),(66,'2023-09-28','3335-61-7890128',5130963,'서정희','08:18:34',1,6000,'690-13-707135-3',10,NULL),(67,'2023-09-28','690-13-707135-3',68230,'김정희','08:18:34',0,6000,'3335-61-7890128',4,NULL),(68,'2023-09-28','3335-61-7890128',5130463,'서정희','13:37:23',1,500,'690-13-707135-3',10,NULL),(69,'2023-09-28','690-13-707135-3',68730,'김정희','13:37:23',0,500,'3335-61-7890128',4,NULL),(70,'2023-09-28','690-13-707135-3',5125463,'김정희','13:42:49',1,5000,'690-13-707135-3',4,NULL),(71,'2023-09-28','690-13-707135-3',5130463,'김정희','13:42:49',0,5000,'690-13-707135-3',4,NULL),(72,'2023-09-28','3335-61-7890128',5073463,'서정희','14:19:28',1,57000,'690-13-707135-3',10,NULL),(73,'2023-09-28','690-13-707135-3',125730,'김정희','14:19:28',0,57000,'3335-61-7890128',4,NULL),(74,'2023-09-28','3335-61-7890128',5003463,'서정희','14:20:51',1,70000,'690-13-707135-3',10,NULL),(75,'2023-09-28','690-13-707135-3',195730,'김정희','14:20:51',0,70000,'3335-61-7890128',4,NULL),(76,'2023-09-28','3335-61-7890128',4999463,'서정희','14:42:31',1,4000,'690-13-707135-3',10,NULL),(77,'2023-09-28','690-13-707135-3',199730,'김정희','14:42:31',0,4000,'3335-61-7890128',4,NULL),(78,'2023-09-28','26874-305565-996',5008463,'김정희','14:42:54',0,9000,'690-13-707135-3',106,NULL),(79,'2023-09-28','26874-305565-996',5013463,'김정희','14:44:54',0,5000,'690-13-707135-3',106,NULL),(80,'2023-09-28','3335-61-7890128',5008463,'서정희','15:16:12',1,5000,'690-13-707135-3',10,NULL),(81,'2023-09-28','690-13-707135-3',204730,'김정희','15:16:12',0,5000,'3335-61-7890128',4,NULL),(82,'2023-09-28','3335-61-7890128',4958463,'서정희','16:00:45',1,50000,'690-13-707135-3',10,NULL),(83,'2023-09-28','690-13-707135-3',254730,'김정희','16:00:45',0,50000,'3335-61-7890128',4,NULL),(84,'2023-09-28','26874-305565-996',4958563,'김정희','16:02:06',0,100,'690-13-707135-3',106,NULL),(85,'2023-09-28','26874-305565-996',4958563,'김정희','16:10:52',0,0,'690-13-707135-3',106,NULL),(86,'2023-09-28','590-06-09925-2',4958063,'김정희','17:10:08',1,500,'690-13-707135-3',5,NULL),(87,'2023-09-28','690-13-707135-3',-29500,'김정희','17:10:08',0,500,'590-06-09925-2',4,NULL),(88,'2023-09-28','3335-61-7890128',4957063,'서정희','17:19:39',1,1000,'690-13-707135-3',10,NULL),(89,'2023-09-28','690-13-707135-3',255730,'김정희','17:19:39',0,1000,'3335-61-7890128',4,NULL),(90,'2023-09-28','600-10-200749',4952063,'SC제일 마이시그니처통장','17:59:00',1,5000,'690-13-707135-3',20,NULL),(91,'2023-09-28','690-13-707135-3',-5780774,'김정희','17:59:00',0,5000,'600-10-200749',4,NULL),(92,'2023-09-28','600-10-200749',4950829,'SC제일 마이시그니처통장','17:59:49',1,1234,'690-13-707135-3',20,NULL),(93,'2023-09-28','690-13-707135-3',-5779540,'김정희','17:59:49',0,1234,'600-10-200749',4,NULL),(94,'2023-09-28','26874-305565-996',4948829,'김정희님의 핀볼계좌','18:00:35',1,2000,'690-13-707135-3',106,NULL),(95,'2023-09-29','29072-869447-298',1611,'정영빈','06:38:28',0,1500,'395-05-03412-1',106,NULL),(96,'2023-09-29','590-06-09925-2',4648829,'NH올원e예금','08:16:21',1,300000,'690-13-707135-3',5,NULL),(97,'2023-09-29','690-13-707135-3',270500,'김정희','08:16:21',0,300000,'590-06-09925-2',4,NULL),(98,'2023-09-29','31942-202934-614',3000,'정현우','13:28:01',0,3000,'0584-92-9502797-9',106,NULL),(99,'2023-09-29','31942-202934-614',6500,'정현우','13:35:05',0,3500,'0584-92-9502797-9',106,NULL),(100,'2023-09-29','31942-202934-614',10001,'정현우','13:37:58',0,3501,'0584-92-9502797-9',106,NULL),(101,'2023-10-01','395-05-03412-1',10000,'하성호','05:32:32',1,1,'0584-92-9502797-9',5,NULL),(102,'2023-10-01','0584-92-9502797-9',1612,'정영빈','05:32:32',0,1,'395-05-03412-1',3,NULL),(103,'2023-10-01','3333-18-0001645',10000,'입출금통장','05:34:40',1,0,'0584-92-9502797-9',10,NULL),(104,'2023-10-01','0584-92-9502797-9',0,'정영빈','05:34:40',0,0,'3333-18-0001645',3,NULL),(105,'2023-10-01','47677-475525-621',15000,'정영빈','05:41:23',0,5000,'0584-92-9502797-9',106,NULL),(106,'2023-10-01','3335-61-7890128',4148829,'서정희','07:17:45',1,500000,'690-13-707135-3',10,NULL),(107,'2023-10-01','690-13-707135-3',755730,'김정희','07:17:45',0,500000,'3335-61-7890128',4,NULL),(108,'2023-10-01','863-01-437279-3',25000,'하성호','08:22:37',1,5000,'3004-137-620134',16,NULL),(109,'2023-10-01','3004-137-620134',5000,'하성호','08:22:37',0,5000,'863-01-437279-3',7,NULL),(110,'2023-10-01','395-05-03412-1',24500,'하성호','08:24:03',1,500,'3004-137-620134',5,NULL),(111,'2023-10-01','3004-137-620134',2112,'하성호','08:24:03',0,500,'395-05-03412-1',7,NULL),(112,'2023-10-01','67709-272678-213',1000,'신현탁','08:34:37',0,1000,'150-91452389-8',106,NULL),(113,'2023-10-01','67709-272678-213',11000,'신현탁','08:40:14',0,10000,'150-91452389-8',106,NULL),(114,'2023-10-01','26874-305565-996',4128829,'김정희님의 핀볼계좌','13:32:01',1,20000,'690-13-707135-3',106,NULL),(115,'2023-10-01','26874-305565-996',4140829,'김정희','13:34:29',0,12000,'690-13-707135-3',106,NULL),(116,'2023-10-01','26874-305565-996',4120829,'김정희','13:35:57',1,20000,'690-13-707135-3',106,NULL),(117,'2023-10-01','26874-305565-996',4100829,'김정희','13:39:53',1,20000,'690-13-707135-3',106,NULL),(118,'2023-10-01','26874-305565-996',4150829,'김정희','13:57:49',0,50000,'690-13-707135-3',106,NULL),(119,'2023-10-01','26874-305565-996',4200829,'김정희','13:59:51',0,50000,'690-13-707135-3',106,NULL),(120,'2023-10-01','26874-305565-996',4250829,'김정희','14:01:01',0,50000,'690-13-707135-3',106,NULL),(121,'2023-10-01','26874-305565-996',4170829,'김정희','14:01:48',1,80000,'690-13-707135-3',106,NULL),(122,'2023-10-01','26874-305565-996',4080829,'김정희','14:04:58',1,90000,'690-13-707135-3',106,NULL),(123,'2023-10-01','26874-305565-996',4040829,'김정희','14:10:26',1,40000,'690-13-707135-3',106,NULL),(124,'2023-10-02','690-13-707135-3',270300,'i-ONE U 통장','11:25:41',1,200,'590-06-09925-2',4,NULL),(125,'2023-10-02','590-06-09925-2',4041029,'김정희','11:25:41',0,200,'690-13-707135-3',5,NULL),(126,'2023-10-02','26874-305565-996',4021029,'김정희님의 핀볼계좌','11:26:04',1,20000,'690-13-707135-3',106,NULL),(127,'2023-10-02','3335-61-7890128',3941029,'서정희','11:30:38',1,80000,'690-13-707135-3',10,NULL),(128,'2023-10-02','690-13-707135-3',835730,'김정희','11:30:38',0,80000,'3335-61-7890128',4,NULL),(129,'2023-10-02','67709-272678-213',21000,'신현탁','11:44:18',0,10000,'150-91452389-8',106,NULL),(130,'2023-10-02','67709-272678-213',31000,'신현탁','13:12:34',0,10000,'150-91452389-8',106,NULL),(131,'2023-10-02','67709-272678-213',41000,'신현탁','13:16:14',0,10000,'150-91452389-8',106,NULL),(132,'2023-10-02','67709-272678-213',51000,'신현탁','13:17:24',0,10000,'150-91452389-8',106,NULL),(133,'2023-10-02','67709-272678-213',101000,'신현탁','13:27:44',0,50000,'150-91452389-8',106,NULL),(134,'2023-10-02','67709-272678-213',111000,'신현탁','13:29:02',0,10000,'150-91452389-8',106,NULL),(135,'2023-10-02','67709-272678-213',11000,'신현탁','14:13:40',1,100000,'150-91452389-8',106,NULL),(136,'2023-10-02','67709-272678-213',1000,'신현탁','14:14:30',1,10000,'150-91452389-8',106,NULL),(137,'2023-10-02','67709-272678-213',501000,'신현탁','14:37:07',0,500000,'150-91452389-8',106,NULL),(138,'2023-10-02','67709-272678-213',1000,'신현탁님의 핀볼계좌','14:39:47',1,500000,'150-91452389-8',106,NULL),(139,'2023-10-02','67709-272678-213',501000,'신현탁','14:40:34',0,500000,'150-91452389-8',106,NULL),(140,'2023-10-02','67709-272678-213',1000,'신현탁님의 핀볼계좌','14:40:58',1,500000,'150-91452389-8',106,NULL),(141,'2023-10-02','67709-272678-213',501000,'신현탁','14:41:46',0,500000,'150-91452389-8',106,NULL),(142,'2023-10-02','67709-272678-213',1000,'신현탁님의 핀볼계좌','14:43:21',1,500000,'150-91452389-8',106,NULL),(143,'2023-10-02','67709-272678-213',501000,'신현탁','14:45:03',0,500000,'150-91452389-8',106,NULL),(144,'2023-10-02','67709-272678-213',1000,'신현탁님의 핀볼계좌','14:45:30',1,500000,'150-91452389-8',106,NULL),(145,'2023-10-02','67709-272678-213',501000,'신현탁','14:46:10',0,500000,'150-91452389-8',106,NULL),(146,'2023-10-02','67709-272678-213',1000,'신현탁님의 핀볼계좌','14:47:06',1,500000,'150-91452389-8',106,NULL),(147,'2023-10-02','67709-272678-213',501000,'신현탁','14:51:40',0,500000,'150-91452389-8',106,NULL),(148,'2023-10-02','67709-272678-213',1000,'신현탁님의 핀볼계좌','14:52:36',1,500000,'150-91452389-8',106,NULL),(149,'2023-10-02','67709-272678-213',501000,'신현탁','14:52:57',0,500000,'150-91452389-8',106,NULL),(150,'2023-10-02','67709-272678-213',1000,'신현탁님의 핀볼계좌','14:53:56',1,500000,'150-91452389-8',106,NULL),(151,'2023-10-02','67709-272678-213',501000,'신현탁','14:54:13',0,500000,'150-91452389-8',106,NULL),(152,'2023-10-02','67709-272678-213',1000,'신현탁님의 핀볼계좌','14:54:40',1,500000,'150-91452389-8',106,NULL),(153,'2023-10-02','67709-272678-213',501000,'신현탁','14:54:55',0,500000,'150-91452389-8',106,NULL),(154,'2023-10-02','67709-272678-213',1000,'신현탁님의 핀볼계좌','14:56:22',1,500000,'150-91452389-8',106,NULL),(155,'2023-10-02','67709-272678-213',501000,'신현탁','14:57:02',0,500000,'150-91452389-8',106,NULL),(156,'2023-10-02','67709-272678-213',1000,'신현탁님의 핀볼계좌','14:58:50',1,500000,'150-91452389-8',106,NULL),(157,'2023-10-02','67709-272678-213',501000,'신현탁','15:00:10',0,500000,'150-91452389-8',106,NULL),(158,'2023-10-02','67709-272678-213',1000,'신현탁님의 핀볼계좌','15:00:44',1,500000,'150-91452389-8',106,NULL),(159,'2023-10-02','67709-272678-213',501000,'신현탁','15:01:39',0,500000,'150-91452389-8',106,NULL),(160,'2023-10-02','67709-272678-213',1000,'신현탁님의 핀볼계좌','15:02:23',1,500000,'150-91452389-8',106,NULL),(161,'2023-10-02','67709-272678-213',501000,'신현탁','15:05:44',0,500000,'150-91452389-8',106,NULL),(162,'2023-10-02','67709-272678-213',1000,'신현탁님의 핀볼계좌','15:07:23',1,500000,'150-91452389-8',106,NULL),(163,'2023-10-02','67709-272678-213',501000,'신현탁','15:09:03',0,500000,'150-91452389-8',106,NULL),(164,'2023-10-02','67709-272678-213',1000,'신현탁님의 핀볼계좌','15:09:59',1,500000,'150-91452389-8',106,NULL),(165,'2023-10-02','67709-272678-213',501000,'신현탁','15:11:05',0,500000,'150-91452389-8',106,NULL),(166,'2023-10-02','67709-272678-213',1000,'신현탁님의 핀볼계좌','15:12:29',1,500000,'150-91452389-8',106,NULL),(167,'2023-10-02','67709-272678-213',501000,'신현탁','15:15:25',0,500000,'150-91452389-8',106,NULL),(168,'2023-10-02','67709-272678-213',1000,'신현탁님의 핀볼계좌','15:15:55',1,500000,'150-91452389-8',106,NULL),(169,'2023-10-02','67709-272678-213',501000,'신현탁','15:16:38',0,500000,'150-91452389-8',106,NULL),(170,'2023-10-02','67709-272678-213',1000,'신현탁님의 핀볼계좌','15:17:12',1,500000,'150-91452389-8',106,NULL),(171,'2023-10-02','67709-272678-213',501000,'신현탁','15:17:59',0,500000,'150-91452389-8',106,NULL),(172,'2023-10-02','67709-272678-213',1000,'신현탁님의 핀볼계좌','15:18:23',1,500000,'150-91452389-8',106,NULL),(173,'2023-10-02','67709-272678-213',501000,'신현탁','15:19:07',0,500000,'150-91452389-8',106,NULL),(174,'2023-10-02','67709-272678-213',1000,'신현탁님의 핀볼계좌','15:19:24',1,500000,'150-91452389-8',106,NULL),(175,'2023-10-02','67709-272678-213',501000,'신현탁','15:23:40',0,500000,'150-91452389-8',106,NULL),(176,'2023-10-02','67709-272678-213',1000,'신현탁님의 핀볼계좌','15:24:55',1,500000,'150-91452389-8',106,NULL),(177,'2023-10-02','67709-272678-213',501000,'신현탁','15:25:55',0,500000,'150-91452389-8',106,NULL),(178,'2023-10-02','67709-272678-213',1000,'신현탁님의 핀볼계좌','15:28:10',1,500000,'150-91452389-8',106,NULL),(179,'2023-10-02','67709-272678-213',501000,'신현탁','15:28:26',0,500000,'150-91452389-8',106,NULL),(180,'2023-10-02','67709-272678-213',1000,'신현탁님의 핀볼계좌','15:32:05',1,500000,'150-91452389-8',106,NULL),(181,'2023-10-02','67709-272678-213',501000,'신현탁','15:34:47',0,500000,'150-91452389-8',106,NULL),(182,'2023-10-02','67709-272678-213',1000,'신현탁님의 핀볼계좌','15:35:05',1,500000,'150-91452389-8',106,NULL),(183,'2023-10-02','67709-272678-213',501000,'신현탁','15:36:17',0,500000,'150-91452389-8',106,NULL),(184,'2023-10-02','67709-272678-213',1000,'신현탁님의 핀볼계좌','15:37:17',1,500000,'150-91452389-8',106,NULL),(185,'2023-10-02','67709-272678-213',501000,'신현탁','15:39:10',0,500000,'150-91452389-8',106,NULL),(186,'2023-10-02','67709-272678-213',1000,'신현탁님의 핀볼계좌','15:39:52',1,500000,'150-91452389-8',106,NULL),(187,'2023-10-02','67709-272678-213',501000,'신현탁','15:40:09',0,500000,'150-91452389-8',106,NULL),(188,'2023-10-02','67709-272678-213',1000,'신현탁님의 핀볼계좌','15:40:34',1,500000,'150-91452389-8',106,NULL),(189,'2023-10-02','67709-272678-213',501000,'신현탁','15:41:26',0,500000,'150-91452389-8',106,NULL),(190,'2023-10-02','67709-272678-213',1000,'신현탁님의 핀볼계좌','15:41:54',1,500000,'150-91452389-8',106,NULL),(191,'2023-10-02','67709-272678-213',501000,'신현탁','15:42:25',0,500000,'150-91452389-8',106,NULL),(192,'2023-10-02','67709-272678-213',1000,'신현탁님의 핀볼계좌','15:42:49',1,500000,'150-91452389-8',106,NULL),(193,'2023-10-02','67709-272678-213',501000,'신현탁','15:43:14',0,500000,'150-91452389-8',106,NULL),(194,'2023-10-02','67709-272678-213',1000,'신현탁님의 핀볼계좌','15:43:31',1,500000,'150-91452389-8',106,NULL),(195,'2023-10-02','67709-272678-213',501000,'신현탁','15:43:47',0,500000,'150-91452389-8',106,NULL),(196,'2023-10-02','67709-272678-213',1000,'신현탁님의 핀볼계좌','15:44:02',1,500000,'150-91452389-8',106,NULL),(197,'2023-10-02','67709-272678-213',501000,'신현탁','15:44:23',0,500000,'150-91452389-8',106,NULL),(198,'2023-10-02','67709-272678-213',1000,'신현탁님의 핀볼계좌','15:44:40',1,500000,'150-91452389-8',106,NULL),(199,'2023-10-02','67709-272678-213',501000,'신현탁','15:44:55',0,500000,'150-91452389-8',106,NULL),(200,'2023-10-02','67709-272678-213',1000,'신현탁님의 핀볼계좌','15:46:25',1,500000,'150-91452389-8',106,NULL),(201,'2023-10-02','67709-272678-213',501000,'신현탁','15:46:51',0,500000,'150-91452389-8',106,NULL),(202,'2023-10-02','67709-272678-213',1000,'신현탁님의 핀볼계좌','15:47:36',1,500000,'150-91452389-8',106,NULL),(203,'2023-10-02','67709-272678-213',501000,'신현탁','15:49:16',0,500000,'150-91452389-8',106,NULL),(204,'2023-10-02','67709-272678-213',111000,'신현탁님의 핀볼계좌','15:50:13',1,390000,'150-91452389-8',106,NULL),(205,'2023-10-02','67709-272678-213',501000,'신현탁','15:52:27',0,390000,'150-91452389-8',106,NULL),(206,'2023-10-02','67709-272678-213',111000,'신현탁님의 핀볼계좌','15:54:18',1,390000,'150-91452389-8',106,NULL),(207,'2023-10-02','67709-272678-213',501000,'신현탁','15:55:11',0,390000,'150-91452389-8',106,NULL),(208,'2023-10-02','67709-272678-213',111000,'신현탁님의 핀볼계좌','15:56:33',1,390000,'150-91452389-8',106,NULL),(209,'2023-10-02','67709-272678-213',501000,'신현탁','15:57:14',0,390000,'150-91452389-8',106,NULL),(210,'2023-10-02','67709-272678-213',111000,'신현탁님의 핀볼계좌','15:58:18',1,390000,'150-91452389-8',106,NULL),(211,'2023-10-02','67709-272678-213',501000,'신현탁','15:59:09',0,390000,'150-91452389-8',106,NULL),(212,'2023-10-02','67709-272678-213',0,'신현탁님의 핀볼계좌','15:59:43',1,30000,'951-06-277437-0',106,NULL),(213,'2023-10-02','67709-272678-213',541000,'신현탁','16:00:01',0,40000,'150-91452389-8',106,NULL),(214,'2023-10-02','67709-272678-213',136000,'신현탁님의 핀볼계좌','16:00:35',1,405000,'150-91452389-8',106,NULL),(215,'2023-10-02','67709-272678-213',121000,'신현탁님의 핀볼계좌','16:00:59',1,15000,'150-91452389-8',106,NULL),(216,'2023-10-02','67709-272678-213',621000,'신현탁','16:02:11',0,500000,'150-91452389-8',106,NULL),(217,'2023-10-02','67709-272678-213',141000,'신현탁님의 핀볼계좌','16:02:33',1,480000,'150-91452389-8',106,NULL),(218,'2023-10-02','67709-272678-213',621000,'신현탁','16:04:16',0,480000,'150-91452389-8',106,NULL),(219,'2023-10-02','67709-272678-213',141000,'신현탁님의 핀볼계좌','16:04:38',1,480000,'150-91452389-8',106,NULL),(220,'2023-10-02','67709-272678-213',621000,'신현탁','16:05:43',0,480000,'150-91452389-8',106,NULL),(221,'2023-10-02','67709-272678-213',141000,'신현탁님의 핀볼계좌','16:05:59',1,480000,'150-91452389-8',106,NULL),(222,'2023-10-02','67709-272678-213',91000,'신현탁님의 핀볼계좌','16:06:26',1,50000,'150-91452389-8',106,NULL),(223,'2023-10-02','67709-272678-213',141000,'신현탁','16:07:30',0,50000,'150-91452389-8',106,NULL),(224,'2023-10-02','67709-272678-213',531000,'신현탁','16:07:53',0,390000,'150-91452389-8',106,NULL),(225,'2023-10-02','67709-272678-213',151000,'신현탁님의 핀볼계좌','16:08:15',1,380000,'150-91452389-8',106,NULL),(226,'2023-10-02','67709-272678-213',191000,'신현탁','16:09:33',0,40000,'150-91452389-8',106,NULL),(227,'2023-10-02','67709-272678-213',591000,'신현탁','16:09:49',0,400000,'150-91452389-8',106,NULL),(228,'2023-10-02','67709-272678-213',191000,'신현탁님의 핀볼계좌','16:10:21',1,400000,'150-91452389-8',106,NULL),(229,'2023-10-02','67709-272678-213',91000,'신현탁님의 핀볼계좌','16:10:39',1,100000,'150-91452389-8',106,NULL),(230,'2023-10-02','67709-272678-213',141000,'신현탁','16:10:57',0,50000,'150-91452389-8',106,NULL),(231,'2023-10-02','67709-272678-213',541000,'신현탁','16:11:22',0,400000,'150-91452389-8',106,NULL),(232,'2023-10-02','67709-272678-213',141000,'신현탁님의 핀볼계좌','16:11:46',1,400000,'150-91452389-8',106,NULL),(233,'2023-10-02','67709-272678-213',541000,'신현탁','16:12:16',0,400000,'150-91452389-8',106,NULL),(234,'2023-10-02','67709-272678-213',141000,'신현탁님의 핀볼계좌','16:12:39',1,400000,'150-91452389-8',106,NULL),(235,'2023-10-02','67709-272678-213',541000,'신현탁','16:13:01',0,400000,'150-91452389-8',106,NULL),(236,'2023-10-02','67709-272678-213',41000,'신현탁님의 핀볼계좌','16:13:32',1,500000,'150-91452389-8',106,NULL),(237,'2023-10-02','67709-272678-213',141000,'신현탁','16:17:11',0,100000,'150-91452389-8',106,NULL),(238,'2023-10-02','67709-272678-213',621000,'신현탁','16:17:48',0,480000,'150-91452389-8',106,NULL),(239,'2023-10-02','67709-272678-213',221000,'신현탁님의 핀볼계좌','16:18:10',1,400000,'150-91452389-8',106,NULL),(240,'2023-10-02','67709-272678-213',571000,'신현탁','16:18:26',0,350000,'150-91452389-8',106,NULL),(241,'2023-10-02','67709-272678-213',171000,'신현탁님의 핀볼계좌','16:20:17',1,400000,'150-91452389-8',106,NULL),(242,'2023-10-02','67709-272678-213',571000,'신현탁','16:20:34',0,400000,'150-91452389-8',106,NULL),(243,'2023-10-02','67709-272678-213',171000,'신현탁님의 핀볼계좌','16:21:53',1,400000,'150-91452389-8',106,NULL),(244,'2023-10-02','67709-272678-213',571000,'신현탁','16:22:09',0,400000,'150-91452389-8',106,NULL),(245,'2023-10-02','67709-272678-213',21000,'신현탁님의 핀볼계좌','16:22:33',1,550000,'150-91452389-8',106,NULL),(246,'2023-10-02','67709-272678-213',141000,'신현탁','16:22:57',0,120000,'150-91452389-8',106,NULL),(247,'2023-10-02','67709-272678-213',91000,'신현탁님의 핀볼계좌','16:23:19',1,50000,'150-91452389-8',106,NULL),(248,'2023-10-02','67709-272678-213',141000,'신현탁','16:23:42',0,50000,'150-91452389-8',106,NULL),(249,'2023-10-02','67709-272678-213',591000,'신현탁','16:24:00',0,450000,'150-91452389-8',106,NULL),(250,'2023-10-02','67709-272678-213',141000,'신현탁님의 핀볼계좌','16:24:26',1,450000,'150-91452389-8',106,NULL),(251,'2023-10-02','67709-272678-213',591000,'신현탁','16:24:48',0,450000,'150-91452389-8',106,NULL),(252,'2023-10-02','67709-272678-213',141000,'신현탁님의 핀볼계좌','16:39:37',1,450000,'150-91452389-8',106,NULL),(253,'2023-10-02','67709-272678-213',591000,'신현탁','16:39:54',0,450000,'150-91452389-8',106,NULL),(254,'2023-10-03','67709-272678-213',141000,'신현탁님의 핀볼계좌','09:14:49',1,450000,'150-91452389-8',106,NULL),(255,'2023-10-03','67709-272678-213',591000,'신현탁','09:15:13',0,450000,'150-91452389-8',106,NULL),(256,'2023-10-03','67709-272678-213',141000,'신현탁님의 핀볼계좌','09:16:00',1,450000,'150-91452389-8',106,NULL),(257,'2023-10-03','67709-272678-213',591000,'신현탁','09:16:17',0,450000,'150-91452389-8',106,NULL),(258,'2023-10-03','67709-272678-213',141000,'신현탁님의 핀볼계좌','09:16:43',1,450000,'150-91452389-8',106,NULL),(259,'2023-10-03','67709-272678-213',591000,'신현탁','09:17:08',0,450000,'150-91452389-8',106,NULL),(260,'2023-10-03','67709-272678-213',141000,'신현탁님의 핀볼계좌','09:17:50',1,450000,'150-91452389-8',106,NULL),(261,'2023-10-03','67709-272678-213',591000,'신현탁','09:18:13',0,450000,'150-91452389-8',106,NULL),(262,'2023-10-03','67709-272678-213',141000,'신현탁님의 핀볼계좌','09:19:18',1,450000,'150-91452389-8',106,NULL),(263,'2023-10-03','67709-272678-213',591000,'신현탁','09:19:43',0,450000,'150-91452389-8',106,NULL),(264,'2023-10-03','67709-272678-213',91000,'신현탁님의 핀볼계좌','09:20:10',1,500000,'150-91452389-8',106,NULL),(265,'2023-10-03','26874-305565-996',3937089,'김정희님의 핀볼계좌','13:20:20',1,3940,'690-13-707135-3',106,NULL),(266,'2023-10-04','26874-305565-996',158000,'김정희','02:42:19',0,67000,'150-91452389-8',106,NULL),(267,'2023-10-04','26874-305565-996',225000,'김정희','02:46:16',0,67000,'150-91452389-8',106,NULL),(268,'2023-10-04','49231-264433-763',292000,'하성호','03:35:11',0,67000,'150-91452389-8',106,NULL),(269,'2023-10-04','12345-123456-123',302000,'신현탁','06:54:08',0,10000,'150-91452389-8',106,NULL),(270,'2023-10-04','12345-123456-123',312000,'신현탁','06:57:32',0,10000,'150-91452389-8',106,NULL),(271,'2023-10-04','12345-123456-123',322000,'신현탁','06:58:08',0,10000,'150-91452389-8',106,NULL),(272,'2023-10-04','12345-123456-123',332000,'신현탁','06:59:59',0,10000,'150-91452389-8',106,NULL),(273,'2023-10-04','12345-123456-123',342000,'신현탁','07:01:27',0,10000,'150-91452389-8',106,NULL),(274,'2023-10-04','26874-305565-996',3697089,'김정희님의 핀볼계좌','07:24:50',1,240000,'690-13-707135-3',106,NULL),(275,'2023-10-04','26874-305565-996',409000,'김정희','07:26:45',0,67000,'150-91452389-8',106,NULL),(276,'2023-10-04','12345-123456-123',419000,'신현탁','07:58:57',0,10000,'150-91452389-8',106,NULL),(277,'2023-10-04','12345-123456-123',1419000,'신현탁','08:00:36',0,1000000,'150-91452389-8',106,NULL),(278,'2023-10-04','12345-123456-123',419000,'두둥탁','08:01:25',1,1000000,'150-91452389-8',106,NULL),(279,'2023-10-04','12345-123456-123',429000,'신현탁','08:02:24',0,10000,'150-91452389-8',106,NULL),(280,'2023-10-04','12345-123456-123',409000,'두둥탁','08:03:51',1,20000,'150-91452389-8',106,NULL),(281,'2023-10-04','12345-123456-123',419000,'신현탁','08:04:07',0,10000,'150-91452389-8',106,NULL),(282,'2023-10-04','12345-123456-123',429000,'신현탁','08:08:34',0,10000,'150-91452389-8',106,NULL),(283,'2023-10-04','12345-123456-123',439000,'신현탁','08:10:27',0,10000,'150-91452389-8',106,NULL),(284,'2023-10-04','12345-123456-123',449000,'신현탁','08:11:57',0,10000,'150-91452389-8',106,NULL),(285,'2023-10-04','12345-123456-123',409000,'두둥탁','08:12:18',1,40000,'150-91452389-8',106,NULL),(286,'2023-10-04','12345-123456-123',419000,'신현탁','08:12:34',0,10000,'150-91452389-8',106,NULL),(287,'2023-10-04','12345-123456-123',429000,'신현탁','08:14:15',0,10000,'150-91452389-8',106,NULL),(288,'2023-10-04','12345-123456-123',439000,'신현탁','08:16:00',0,10000,'150-91452389-8',106,NULL),(289,'2023-10-04','12345-123456-123',449000,'신현탁','08:17:14',0,10000,'150-91452389-8',106,NULL),(290,'2023-10-04','12345-123456-123',389000,'두둥탁','08:17:58',1,60000,'150-91452389-8',106,NULL),(291,'2023-10-04','12345-123456-123',399000,'신현탁','08:18:12',0,10000,'150-91452389-8',106,NULL),(292,'2023-10-04','12345-123456-123',409000,'신현탁','08:19:29',0,10000,'150-91452389-8',106,NULL),(293,'2023-10-04','12345-123456-123',419000,'신현탁','08:20:10',0,10000,'150-91452389-8',106,NULL),(294,'2023-10-04','12345-123456-123',429000,'신현탁','08:23:09',0,10000,'150-91452389-8',106,NULL),(295,'2023-10-04','12345-123456-123',439000,'신현탁','08:25:27',0,10000,'150-91452389-8',106,NULL),(296,'2023-10-04','12345-123456-123',449000,'신현탁','08:28:12',0,10000,'150-91452389-8',106,NULL),(297,'2023-10-04','12345-123456-123',399000,'두둥탁','08:29:23',1,50000,'150-91452389-8',106,NULL),(298,'2023-10-04','12345-123456-123',409000,'신현탁','08:29:39',0,10000,'150-91452389-8',106,NULL),(299,'2023-10-04','12345-123456-123',419000,'신현탁','08:33:17',0,10000,'150-91452389-8',106,NULL),(300,'2023-10-04','12345-123456-123',429000,'신현탁','08:34:29',0,10000,'150-91452389-8',106,NULL),(301,'2023-10-04','12345-123456-123',419000,'두둥탁','08:42:06',1,10000,'150-91452389-8',106,NULL),(302,'2023-10-04','12345-123456-123',391000,'두둥탁','08:43:00',1,28000,'150-91452389-8',106,NULL),(303,'2023-10-04','12345-123456-123',409000,'신현탁','08:43:17',0,18000,'150-91452389-8',106,NULL),(304,'2023-10-04','12345-123456-123',391000,'두둥탁','08:44:16',1,18000,'150-91452389-8',106,NULL),(305,'2023-10-04','12345-123456-123',409000,'신현탁','08:44:30',0,18000,'150-91452389-8',106,NULL),(306,'2023-10-04','12345-123456-123',390000,'두둥탁','08:46:28',1,19000,'150-91452389-8',106,NULL),(307,'2023-10-04','49231-264433-763',35611,'하성호','08:59:29',0,11111,'3004-137-620134',106,NULL),(308,'2023-10-04','49231-264433-763',36722,'하성호','08:59:44',0,1111,'3004-137-620134',106,NULL),(309,'2023-10-04','49231-264433-763',56722,'하성호','11:41:43',0,20000,'3004-137-620134',106,NULL),(310,'2023-10-04','12345-123456-123',340000,'두둥탁','11:51:44',1,50000,'150-91452389-8',106,NULL),(311,'2023-10-04','49231-264433-763',56721,'하성호님의 핀볼계좌','11:53:52',1,1,'3004-137-620134',106,NULL),(312,'2023-10-04','12345-123456-123',360000,'신현탁','12:15:58',0,20000,'150-91452389-8',106,NULL),(313,'2023-10-04','12345-123456-123',370000,'신현탁','12:34:32',0,10000,'150-91452389-8',106,NULL),(314,'2023-10-04','67709-272678-213',410000,'신현탁','12:45:17',0,40000,'150-91452389-8',106,NULL),(315,'2023-10-04','67709-272678-213',450000,'신현탁','12:45:52',0,40000,'150-91452389-8',106,NULL),(316,'2023-10-04','67709-272678-213',490000,'신현탁','12:46:23',0,40000,'150-91452389-8',106,NULL),(317,'2023-10-04','12345-123456-123',500000,'신현탁','12:47:52',0,10000,'150-91452389-8',106,NULL),(318,'2023-10-04','12345-123456-123',519000,'신현탁','12:49:30',0,19000,'150-91452389-8',106,NULL),(319,'2023-10-04','12345-123456-123',529000,'신현탁','12:50:21',0,10000,'150-91452389-8',106,NULL),(320,'2023-10-04','12345-123456-123',499000,'두둥탁','12:51:10',1,30000,'150-91452389-8',106,NULL),(321,'2023-10-04','12345-123456-123',469000,'두둥탁','12:51:37',1,30000,'150-91452389-8',106,NULL),(322,'2023-10-04','12345-123456-123',476000,'신현탁','12:51:55',0,7000,'150-91452389-8',106,NULL),(323,'2023-10-04','12345-123456-123',416000,'두둥탁','12:53:55',1,60000,'150-91452389-8',106,NULL),(324,'2023-10-04','12345-123456-123',423000,'신현탁','12:54:12',0,7000,'150-91452389-8',106,NULL),(325,'2023-10-04','12345-123456-123',413000,'두둥탁','12:59:35',1,10000,'150-91452389-8',106,NULL),(326,'2023-10-04','12345-123456-123',423000,'신현탁','13:03:51',0,10000,'150-91452389-8',106,NULL),(327,'2023-10-04','67709-272678-213',433000,'신현탁','13:39:02',0,10000,'150-91452389-8',106,NULL),(328,'2023-10-04','49231-264433-763',61721,'하성호','13:40:43',0,5000,'3004-137-620134',106,NULL),(329,'2023-10-04','67709-272678-213',443000,'신현탁','13:50:43',0,10000,'150-91452389-8',106,NULL),(330,'2023-10-04','49231-264433-763',63943,'하성호','13:54:59',0,2222,'3004-137-620134',106,NULL),(331,'2023-10-04','395-05-03412-1',63942,'하성호','13:57:53',1,1,'3004-137-620134',5,NULL),(332,'2023-10-04','3004-137-620134',2113,'하성호','13:57:53',0,1,'395-05-03412-1',7,NULL),(333,'2023-10-04','863-01-437279-3',62831,'하성호','13:58:04',1,1111,'3004-137-620134',16,NULL),(334,'2023-10-04','3004-137-620134',6111,'하성호','13:58:04',0,1111,'863-01-437279-3',7,NULL),(335,'2023-10-04','49231-264433-763',61720,'하성호님의 핀볼계좌','13:58:27',1,1111,'3004-137-620134',106,NULL),(336,'2023-10-04','12345-123456-123',453000,'신현탁','14:00:47',0,10000,'150-91452389-8',106,NULL),(337,'2023-10-04','12345-123456-123',463000,'신현탁','14:02:03',0,10000,'150-91452389-8',106,NULL),(338,'2023-10-04','12345-123456-123',473000,'신현탁','14:04:30',0,10000,'150-91452389-8',106,NULL),(339,'2023-10-04','26874-305565-996',3677089,'김정희님의 핀볼계좌','14:18:40',1,20000,'690-13-707135-3',106,NULL),(340,'2023-10-04','67709-272678-213',273000,'신현탁님의 핀볼계좌','14:37:58',1,200000,'150-91452389-8',106,NULL),(341,'2023-10-04','12345-123456-123',243000,'두둥탁','14:46:18',1,30000,'150-91452389-8',106,NULL),(342,'2023-10-04','12345-123456-123',253000,'신현탁','14:46:50',0,10000,'150-91452389-8',106,NULL),(343,'2023-10-04','12345-123456-123',235000,'두둥탁','14:47:29',1,18000,'150-91452389-8',106,NULL),(344,'2023-10-04','12345-123456-123',253000,'신현탁','14:47:51',0,18000,'150-91452389-8',106,NULL),(345,'2023-10-04','12345-123456-123',243000,'두둥탁','14:54:10',1,10000,'150-91452389-8',106,NULL),(346,'2023-10-04','67709-272678-213',143000,'신현탁님의 핀볼계좌','14:54:35',1,100000,'150-91452389-8',106,NULL),(347,'2023-10-04','67709-272678-213',193000,'신현탁','14:54:52',0,50000,'150-91452389-8',106,NULL),(348,'2023-10-04','67709-272678-213',243000,'신현탁','15:03:19',0,50000,'150-91452389-8',106,NULL),(349,'2023-10-04','67709-272678-213',253000,'신현탁','15:09:26',0,10000,'150-91452389-8',106,NULL),(350,'2023-10-04','67709-272678-213',103000,'신현탁님의 핀볼계좌','15:10:24',1,150000,'150-91452389-8',106,NULL),(351,'2023-10-04','67709-272678-213',203000,'신현탁','15:12:02',0,100000,'150-91452389-8',106,NULL),(352,'2023-10-04','12345-123456-123',223000,'신현탁','15:15:10',0,20000,'150-91452389-8',106,NULL),(353,'2023-10-04','12345-123456-123',235000,'신현탁','15:17:39',0,12000,'150-91452389-8',106,NULL),(354,'2023-10-04','12345-123456-123',185000,'두둥탁','15:18:17',1,50000,'150-91452389-8',106,NULL),(355,'2023-10-04','67709-272678-213',175000,'신현탁님의 핀볼계좌','15:37:44',1,10000,'150-91452389-8',106,NULL),(356,'2023-10-04','12345-123456-123',187000,'신현탁','16:02:37',0,12000,'150-91452389-8',106,NULL),(357,'2023-10-04','12345-123456-123',203000,'신현탁','16:28:00',0,16000,'150-91452389-8',106,NULL),(358,'2023-10-04','26874-305565-996',270000,'김정희','16:36:40',0,67000,'150-91452389-8',106,NULL),(359,'2023-10-04','26874-305565-996',337000,'김정희','16:36:41',0,67000,'150-91452389-8',106,NULL),(360,'2023-10-04','12345-123456-123',349000,'신현탁','16:41:40',0,12000,'150-91452389-8',106,NULL),(361,'2023-10-04','12345-123456-123',359000,'신현탁','16:45:18',0,10000,'150-91452389-8',106,NULL),(362,'2023-10-04','12345-123456-123',309000,'두둥탁','16:46:36',1,50000,'150-91452389-8',106,NULL),(363,'2023-10-04','12345-123456-123',327000,'신현탁','16:47:00',0,18000,'150-91452389-8',106,NULL),(364,'2023-10-04','12345-123456-123',347000,'신현탁','16:47:49',0,20000,'150-91452389-8',106,NULL),(365,'2023-10-04','12345-123456-123',367000,'신현탁','16:48:38',0,20000,'150-91452389-8',106,NULL),(366,'2023-10-04','12345-123456-123',387000,'신현탁','16:49:19',0,20000,'150-91452389-8',106,NULL),(367,'2023-10-04','31942-202934-614',388000,'정현우','16:49:32',0,1000,'150-91452389-8',106,NULL),(368,'2023-10-04','26874-305565-996',240300,'김정희님의 핀볼계좌','16:50:55',1,30000,'590-06-09925-2',106,NULL),(369,'2023-10-04','12345-123456-123',308000,'두둥탁','16:51:10',1,80000,'150-91452389-8',106,NULL),(370,'2023-10-04','12345-123456-123',328000,'신현탁','16:52:34',0,20000,'150-91452389-8',106,NULL),(371,'2023-10-04','11044-067717-479',3477089,'김정희','16:56:55',1,200000,'690-13-707135-3',106,NULL),(372,'2023-10-04','12345-123456-123',348000,'신현탁','17:03:04',0,20000,'150-91452389-8',106,NULL),(373,'2023-10-05','12345-123456-123',368000,'신현탁','00:54:24',0,20000,'150-91452389-8',106,NULL),(374,'2023-10-05','12345-123456-123',348000,'두둥탁','00:59:25',1,20000,'150-91452389-8',106,NULL),(375,'2023-10-05','12345-123456-123',358000,'신현탁','01:04:43',0,10000,'150-91452389-8',106,NULL),(376,'2023-10-05','12345-123456-123',368000,'신현탁','01:12:06',0,10000,'150-91452389-8',106,NULL),(377,'2023-10-05','12345-123456-123',348000,'두둥탁','01:13:07',1,20000,'150-91452389-8',106,NULL),(378,'2023-10-05','12345-123456-123',358000,'신현탁','01:13:22',0,10000,'150-91452389-8',106,NULL),(379,'2023-10-05','95904-456091-252',425000,'서정희','01:16:14',0,67000,'150-91452389-8',106,NULL),(380,'2023-10-05','12345-123456-123',415000,'두둥탁','01:16:23',1,10000,'150-91452389-8',106,NULL),(381,'2023-10-05','12345-123456-123',405000,'두둥탁','01:22:05',1,10000,'150-91452389-8',106,NULL),(382,'2023-10-05','12345-123456-123',415000,'신현탁','01:23:56',0,10000,'150-91452389-8',106,NULL),(383,'2023-10-05','12345-123456-123',425000,'신현탁','01:25:24',0,10000,'150-91452389-8',106,NULL),(384,'2023-10-05','12345-123456-123',435000,'신현탁','01:26:21',0,10000,'150-91452389-8',106,NULL),(385,'2023-10-05','12345-123456-123',445000,'신현탁','01:28:27',0,10000,'150-91452389-8',106,NULL),(386,'2023-10-05','12345-123456-123',435000,'두둥탁','01:34:02',1,10000,'150-91452389-8',106,NULL),(387,'2023-10-05','12345-123456-123',445000,'신현탁','01:34:30',0,10000,'150-91452389-8',106,NULL),(388,'2023-10-05','63657-758475-130',435000,'Test','01:47:20',1,10000,'150-91452389-8',106,NULL),(389,'2023-10-05','63657-758475-130',425000,'Test','01:47:42',1,10000,'150-91452389-8',106,NULL),(390,'2023-10-05','63657-758475-130',435000,'신현탁','01:48:02',0,10000,'150-91452389-8',106,NULL),(391,'2023-10-05','63657-758475-130',445000,'신현탁','01:48:59',0,10000,'150-91452389-8',106,NULL),(392,'2023-10-05','63657-758475-130',425000,'Test','01:49:35',1,20000,'150-91452389-8',106,NULL),(393,'2023-10-05','63657-758475-130',415000,'Test','01:50:35',1,10000,'150-91452389-8',106,NULL),(394,'2023-10-05','63657-758475-130',405000,'Test','01:52:09',1,10000,'150-91452389-8',106,NULL),(395,'2023-10-05','63657-758475-130',395000,'Test','01:52:34',1,10000,'150-91452389-8',106,NULL),(396,'2023-10-05','63657-758475-130',385000,'Test','01:53:07',1,10000,'150-91452389-8',106,NULL),(397,'2023-10-05','26874-305565-996',452000,'김정희','01:54:30',0,67000,'150-91452389-8',106,NULL),(398,'2023-10-05','63657-758475-130',462000,'신현탁','01:54:46',0,10000,'150-91452389-8',106,NULL),(399,'2023-10-05','63657-758475-130',472000,'신현탁','01:55:42',0,10000,'150-91452389-8',106,NULL),(400,'2023-10-05','63657-758475-130',482000,'신현탁','01:57:54',0,10000,'150-91452389-8',106,NULL),(401,'2023-10-05','63657-758475-130',472000,'Test','01:59:04',1,10000,'150-91452389-8',106,NULL),(402,'2023-10-05','63657-758475-130',462000,'Test','01:59:23',1,10000,'150-91452389-8',106,NULL),(403,'2023-10-05','63657-758475-130',452000,'Test','02:01:45',1,10000,'150-91452389-8',106,NULL),(404,'2023-10-05','95904-456091-252',519000,'서정희','02:04:51',0,67000,'150-91452389-8',106,NULL),(405,'2023-10-05','63657-758475-130',509000,'Test','02:07:47',1,10000,'150-91452389-8',106,NULL),(406,'2023-10-05','63657-758475-130',519000,'신현탁','02:08:07',0,10000,'150-91452389-8',106,NULL),(407,'2023-10-05','63657-758475-130',509000,'Test','02:08:47',1,10000,'150-91452389-8',106,NULL),(408,'2023-10-05','63657-758475-130',519000,'신현탁','02:09:07',0,10000,'150-91452389-8',106,NULL),(409,'2023-10-05','63657-758475-130',509000,'Test','02:09:54',1,10000,'150-91452389-8',106,NULL),(410,'2023-10-05','63657-758475-130',499000,'Test','02:10:34',1,10000,'150-91452389-8',106,NULL),(411,'2023-10-05','63657-758475-130',489000,'Test','02:11:36',1,10000,'150-91452389-8',106,NULL),(412,'2023-10-05','63657-758475-130',479000,'Test','02:11:51',1,10000,'150-91452389-8',106,NULL),(413,'2023-10-05','63657-758475-130',469000,'Test','02:12:36',1,10000,'150-91452389-8',106,NULL),(414,'2023-10-05','63657-758475-130',459000,'Test','02:13:22',1,10000,'150-91452389-8',106,NULL),(415,'2023-10-05','63657-758475-130',449000,'Test','02:14:03',1,10000,'150-91452389-8',106,NULL),(416,'2023-10-05','63657-758475-130',439000,'Test','02:14:17',1,10000,'150-91452389-8',106,NULL),(417,'2023-10-05','63657-758475-130',429000,'Test','02:15:45',1,10000,'150-91452389-8',106,NULL),(418,'2023-10-05','63657-758475-130',419000,'Test','02:15:58',1,10000,'150-91452389-8',106,NULL),(419,'2023-10-05','63657-758475-130',409000,'Test','02:16:42',1,10000,'150-91452389-8',106,NULL),(420,'2023-10-05','63657-758475-130',399000,'Test','02:16:55',1,10000,'150-91452389-8',106,NULL),(421,'2023-10-05','63657-758475-130',389000,'Test','02:17:15',1,10000,'150-91452389-8',106,NULL),(422,'2023-10-05','63657-758475-130',379000,'Test','02:17:50',1,10000,'150-91452389-8',106,NULL),(423,'2023-10-05','63657-758475-130',479000,'신현탁','02:18:14',0,100000,'150-91452389-8',106,NULL),(424,'2023-10-05','63657-758475-130',469000,'Test','02:19:55',1,10000,'150-91452389-8',106,NULL),(425,'2023-10-05','63657-758475-130',459000,'Test','02:22:37',1,10000,'150-91452389-8',106,NULL),(426,'2023-10-05','63657-758475-130',449000,'Test','02:23:16',1,10000,'150-91452389-8',106,NULL),(427,'2023-10-05','63657-758475-130',439000,'Test','02:23:30',1,10000,'150-91452389-8',106,NULL),(428,'2023-10-05','63657-758475-130',429000,'Test','02:25:43',1,10000,'150-91452389-8',106,NULL),(429,'2023-10-05','63657-758475-130',419000,'Test','02:25:55',1,10000,'150-91452389-8',106,NULL),(430,'2023-10-05','63657-758475-130',409000,'Test','02:26:06',1,10000,'150-91452389-8',106,NULL),(431,'2023-10-05','63657-758475-130',419000,'신현탁','02:26:17',0,10000,'150-91452389-8',106,NULL),(432,'2023-10-05','63657-758475-130',409000,'Test','02:30:06',1,10000,'150-91452389-8',106,NULL),(433,'2023-10-05','63657-758475-130',399000,'Test','02:30:18',1,10000,'150-91452389-8',106,NULL),(434,'2023-10-05','63657-758475-130',389000,'Test','02:30:28',1,10000,'150-91452389-8',106,NULL),(435,'2023-10-05','63657-758475-130',399000,'신현탁','02:30:43',0,10000,'150-91452389-8',106,NULL),(436,'2023-10-05','63657-758475-130',411000,'신현탁','02:31:17',0,12000,'150-91452389-8',106,NULL),(437,'2023-10-05','63657-758475-130',429000,'신현탁','02:32:43',0,18000,'150-91452389-8',106,NULL),(438,'2023-10-05','63657-758475-130',439000,'신현탁','02:33:22',0,10000,'150-91452389-8',106,NULL),(439,'2023-10-05','15272-149165-244',429000,'자자드가자','02:36:36',1,10000,'150-91452389-8',106,NULL),(440,'2023-10-05','63657-758475-130',439000,'신현탁','02:40:55',0,10000,'150-91452389-8',106,NULL),(441,'2023-10-05','63657-758475-130',449000,'신현탁','02:41:29',0,10000,'150-91452389-8',106,NULL),(442,'2023-10-05','63657-758475-130',459000,'신현탁','02:41:53',0,10000,'150-91452389-8',106,NULL),(443,'2023-10-05','63657-758475-130',469000,'신현탁','02:42:24',0,10000,'150-91452389-8',106,NULL),(444,'2023-10-05','63657-758475-130',479000,'신현탁','02:42:48',0,10000,'150-91452389-8',106,NULL),(445,'2023-10-05','63657-758475-130',489000,'신현탁','02:46:35',0,10000,'150-91452389-8',106,NULL),(446,'2023-10-05','63657-758475-130',499000,'신현탁','02:49:05',0,10000,'150-91452389-8',106,NULL),(447,'2023-10-05','63657-758475-130',509000,'신현탁','02:51:45',0,10000,'150-91452389-8',106,NULL),(448,'2023-10-05','63657-758475-130',519000,'신현탁','02:52:29',0,10000,'150-91452389-8',106,NULL),(449,'2023-10-05','63657-758475-130',529000,'신현탁','02:53:56',0,10000,'150-91452389-8',106,NULL),(450,'2023-10-05','63657-758475-130',539000,'신현탁','02:54:33',0,10000,'150-91452389-8',106,NULL),(451,'2023-10-05','63657-758475-130',549000,'신현탁','02:55:17',0,10000,'150-91452389-8',106,NULL),(452,'2023-10-05','63657-758475-130',559000,'신현탁','02:56:02',0,10000,'150-91452389-8',106,NULL),(453,'2023-10-05','95904-456091-252',626000,'서정희','03:09:25',0,67000,'150-91452389-8',106,NULL),(454,'2023-10-05','54691-699334-356',65000,'서정희','03:16:28',0,50000,'0584-92-9502797-9',106,NULL),(455,'2023-10-05','54691-699334-356',75000,'서정희','03:24:17',0,10000,'0584-92-9502797-9',106,NULL),(456,'2023-10-05','54691-699334-356',85000,'서정희','03:37:24',0,10000,'0584-92-9502797-9',106,NULL),(457,'2023-10-05','63657-758475-130',636000,'신현탁','03:44:15',0,10000,'150-91452389-8',106,NULL),(458,'2023-10-05','63657-758475-130',646000,'신현탁','03:46:51',0,10000,'150-91452389-8',106,NULL),(459,'2023-10-05','63657-758475-130',656000,'신현탁','03:48:38',0,10000,'150-91452389-8',106,NULL),(460,'2023-10-05','63657-758475-130',666000,'신현탁','03:50:47',0,10000,'150-91452389-8',106,NULL),(461,'2023-10-05','63657-758475-130',676000,'신현탁','04:22:32',0,10000,'150-91452389-8',106,NULL),(462,'2023-10-05','63657-758475-130',686000,'신현탁','04:32:07',0,10000,'150-91452389-8',106,NULL),(463,'2023-10-05','63657-758475-130',586000,'Test','04:32:29',1,100000,'150-91452389-8',106,NULL),(464,'2023-10-05','63657-758475-130',596000,'신현탁','04:32:50',0,10000,'150-91452389-8',106,NULL),(465,'2023-10-05','63657-758475-130',606000,'신현탁','04:33:34',0,10000,'150-91452389-8',106,NULL),(466,'2023-10-05','63657-758475-130',616000,'신현탁','04:38:08',0,10000,'150-91452389-8',106,NULL),(467,'2023-10-05','63657-758475-130',626000,'신현탁','04:41:51',0,10000,'150-91452389-8',106,NULL),(468,'2023-10-05','63657-758475-130',636000,'신현탁','04:44:14',0,10000,'150-91452389-8',106,NULL),(469,'2023-10-05','63657-758475-130',646000,'신현탁','04:48:17',0,10000,'150-91452389-8',106,NULL),(470,'2023-10-05','63657-758475-130',656000,'신현탁','04:48:46',0,10000,'150-91452389-8',106,NULL),(471,'2023-10-05','63657-758475-130',666000,'신현탁','04:49:49',0,10000,'150-91452389-8',106,NULL),(472,'2023-10-05','63657-758475-130',516000,'Test','04:50:17',1,150000,'150-91452389-8',106,NULL),(473,'2023-10-05','63657-758475-130',506000,'Test','04:50:38',1,10000,'150-91452389-8',106,NULL),(474,'2023-10-05','63657-758475-130',516000,'신현탁','04:53:02',0,10000,'150-91452389-8',106,NULL),(475,'2023-10-05','63657-758475-130',526000,'신현탁','04:53:45',0,10000,'150-91452389-8',106,NULL),(476,'2023-10-05','63657-758475-130',536000,'신현탁','04:54:31',0,10000,'150-91452389-8',106,NULL),(477,'2023-10-05','63657-758475-130',546000,'신현탁','04:55:12',0,10000,'150-91452389-8',106,NULL),(478,'2023-10-05','63657-758475-130',556000,'신현탁','04:56:22',0,10000,'150-91452389-8',106,NULL),(479,'2023-10-05','63657-758475-130',566000,'신현탁','04:57:08',0,10000,'150-91452389-8',106,NULL),(480,'2023-10-05','63657-758475-130',576000,'신현탁','04:57:41',0,10000,'150-91452389-8',106,NULL),(481,'2023-10-05','63657-758475-130',586000,'신현탁','04:58:17',0,10000,'150-91452389-8',106,NULL),(482,'2023-10-05','63657-758475-130',596000,'신현탁','05:01:15',0,10000,'150-91452389-8',106,NULL),(483,'2023-10-05','63657-758475-130',606000,'신현탁','05:01:47',0,10000,'150-91452389-8',106,NULL),(484,'2023-10-05','63657-758475-130',616000,'신현탁','05:02:22',0,10000,'150-91452389-8',106,NULL),(485,'2023-10-05','63657-758475-130',626000,'신현탁','05:03:11',0,10000,'150-91452389-8',106,NULL),(486,'2023-10-05','63657-758475-130',636000,'신현탁','05:11:23',0,10000,'150-91452389-8',106,NULL);
/*!40000 ALTER TABLE `trade_history` ENABLE KEYS */;
UNLOCK TABLES;

--
-- Dumping routines for database 'mydata'
--
/*!40103 SET TIME_ZONE=@OLD_TIME_ZONE */;

/*!40101 SET SQL_MODE=@OLD_SQL_MODE */;
/*!40014 SET FOREIGN_KEY_CHECKS=@OLD_FOREIGN_KEY_CHECKS */;
/*!40014 SET UNIQUE_CHECKS=@OLD_UNIQUE_CHECKS */;
/*!40101 SET CHARACTER_SET_CLIENT=@OLD_CHARACTER_SET_CLIENT */;
/*!40101 SET CHARACTER_SET_RESULTS=@OLD_CHARACTER_SET_RESULTS */;
/*!40101 SET COLLATION_CONNECTION=@OLD_COLLATION_CONNECTION */;
/*!40111 SET SQL_NOTES=@OLD_SQL_NOTES */;

-- Dump completed on 2023-10-05 14:26:23
